{
  "id" : "proj_5kMQ63pBZdy",
  "name" : "Home Assistant",
  "intents" : [ {
    "id" : "domi:currentDate",
    "type" : "registry",
    "version" : "2.0.0",
    "language" : "de",
    "slots" : [ ],
    "name" : "currentDate",
    "enabledByDefault" : true
  }, {
    "id" : "domi:dateInfo",
    "type" : "registry",
    "version" : "14.0.0",
    "language" : "de",
    "slots" : [ {
      "name" : "datetype",
      "id" : "ByCRPpxnz",
      "entityId" : "entity_OVV2y9nQKX5y",
      "missingQuestion" : "Welche Information möchtest du zum Datum haben?",
      "required" : true
    } ],
    "name" : "dateInfo",
    "enabledByDefault" : true
  }, {
    "id" : "domi:weekNumber",
    "type" : "registry",
    "version" : "2.0.0",
    "language" : "de",
    "slots" : [ {
      "name" : "date",
      "id" : "HkL5bVJJX",
      "entityId" : "snips/datetime",
      "missingQuestion" : "Von welchem Tag möchtest du die Kalenderwoche wissen?",
      "required" : true
    } ],
    "name" : "weekNumber",
    "enabledByDefault" : true
  }, {
    "id" : "domi:currentTime",
    "type" : "registry",
    "version" : "2.0.0",
    "language" : "de",
    "slots" : [ ],
    "name" : "currentTime",
    "enabledByDefault" : true
  }, {
    "id" : "domi:getAddition",
    "type" : "registry",
    "version" : "1.0.0",
    "language" : "de",
    "slots" : [ {
      "name" : "firstTerm",
      "id" : "S1Ts5mHmG",
      "entityId" : "snips/number",
      "missingQuestion" : "Womit soll addiert werden? ",
      "required" : true
    }, {
      "name" : "secondTerm",
      "id" : "rJzT57r7M",
      "entityId" : "snips/number",
      "missingQuestion" : "Welche Zahl soll addiert werden?",
      "required" : true
    } ],
    "name" : "getAddition",
    "enabledByDefault" : true
  }, {
    "id" : "domi:getSubtraktion",
    "type" : "registry",
    "version" : "2.0.0",
    "language" : "de",
    "slots" : [ {
      "name" : "firstTerm",
      "id" : "r1M23EHmf",
      "entityId" : "snips/number",
      "missingQuestion" : "Von was soll ich subtrahieren?",
      "required" : true
    }, {
      "name" : "secondTerm",
      "id" : "rJWC3Vr7f",
      "entityId" : "snips/number",
      "missingQuestion" : "Welche Zahl soll ich subtrahieren?",
      "required" : true
    } ],
    "name" : "getSubtraktion",
    "enabledByDefault" : true
  }, {
    "id" : "domi:getZufall",
    "type" : "registry",
    "version" : "1.0.0",
    "language" : "de",
    "slots" : [ {
      "name" : "item_random",
      "id" : "slot_imported_EZ5Uhaljo",
      "entityId" : "entity_b3XrePxN8Q4y",
      "missingQuestion" : "",
      "required" : false
    } ],
    "name" : "getZufall",
    "enabledByDefault" : true
  }, {
    "id" : "domi:getWurzel",
    "type" : "registry",
    "version" : "2.0.0",
    "language" : "de",
    "slots" : [ {
      "name" : "firstTerm",
      "id" : "Sy9aP4BQz",
      "entityId" : "snips/number",
      "missingQuestion" : "Quadratwurzel von?",
      "required" : true
    }, {
      "name" : "exponent",
      "id" : "H1oYRTe1Q",
      "entityId" : "snips/ordinal",
      "missingQuestion" : "",
      "required" : false
    } ],
    "name" : "getWurzel",
    "enabledByDefault" : true
  }, {
    "id" : "domi:getDivision",
    "type" : "registry",
    "version" : "3.0.0",
    "language" : "de",
    "slots" : [ {
      "name" : "firstTerm",
      "id" : "Hy6L7ESmG",
      "entityId" : "snips/number",
      "missingQuestion" : "Welche Zahl soll ich teilen?",
      "required" : true
    }, {
      "name" : "secondTerm",
      "id" : "rkFdmNS7G",
      "entityId" : "snips/number",
      "missingQuestion" : "Durch welche Zahl soll ich teilen?",
      "required" : true
    } ],
    "name" : "getDivision",
    "enabledByDefault" : true
  }, {
    "id" : "domi:getMultiplikation",
    "type" : "registry",
    "version" : "1.0.0",
    "language" : "de",
    "slots" : [ {
      "name" : "firstTerm",
      "id" : "rJRYh7BmG",
      "entityId" : "snips/number",
      "missingQuestion" : "Womit soll ich multiplizieren?",
      "required" : true
    }, {
      "name" : "secondTerm",
      "id" : "B1gjhmrQf",
      "entityId" : "snips/number",
      "missingQuestion" : "Welche Zahl soll Multipliziert werden?",
      "required" : true
    } ],
    "name" : "getMultiplikation",
    "enabledByDefault" : true
  }, {
    "id" : "domi:searchWeatherForecastItem",
    "type" : "registry",
    "version" : "2.0.0",
    "language" : "de",
    "slots" : [ {
      "name" : "forecast_region",
      "id" : "Hywq_94Hz",
      "entityId" : "entity_nVnqo8nNql2e",
      "missingQuestion" : "",
      "required" : false,
      "description" : "Die Gegend, für die Sie das Wetter erfragen  möchten"
    }, {
      "name" : "forecast_start_date_time",
      "id" : "rkfStcEBz",
      "entityId" : "snips/datetime",
      "missingQuestion" : "",
      "required" : false,
      "description" : "Der Zeitpunkt oder Zeitraum, für den Sie das Wetter erfragen möchten"
    }, {
      "name" : "forecast_geographical_poi",
      "id" : "B1hwF54BG",
      "entityId" : "entity_zq2roK2ppKqO",
      "missingQuestion" : "",
      "required" : false,
      "description" : "Der landschaftlich interessante Ort, für den Sie das Wetter erfragen möchten (See, Fluss, Berg, Naturschutzgebiet usw.)\n"
    }, {
      "name" : "forecast_country",
      "id" : "SJZqY94Bf",
      "entityId" : "entity_OVQ6OYQ96o7B",
      "missingQuestion" : "",
      "required" : false,
      "description" : "Das Land, für das Sie das Wetter erfragen möchten\n\n"
    }, {
      "name" : "forecast_locality",
      "id" : "H1-itqNrM",
      "entityId" : "entity_rmK9arGkvOq",
      "missingQuestion" : "",
      "required" : false,
      "description" : "Die Stadt, für die Sie das Wetter erfragen möchten\n\n"
    }, {
      "name" : "forecast_item",
      "id" : "BJy2K9NHz",
      "entityId" : "entity_Zao204DAaX1P",
      "missingQuestion" : "Nach welchem Gegenstand möchten Sie fragen?",
      "required" : true,
      "description" : "Der Gegenstand, den Sie je nach Witterungsbedingungen brauchen (Schirm, Sonnenbrille, Schneeketten usw.)"
    } ],
    "name" : "searchWeatherForecastItem",
    "enabledByDefault" : true
  }, {
    "id" : "domi:searchWeatherForecastCondition",
    "type" : "registry",
    "version" : "3.0.0",
    "language" : "de",
    "slots" : [ {
      "name" : "forecast_condition_name",
      "id" : "S1cHtrmrM",
      "entityId" : "entity_Ble306QWVGbd",
      "missingQuestion" : "Welche Witterungsbedingung interessiert Sie genau?",
      "required" : true,
      "description" : "Eine bestimmte Witterungsbedingung (Schnee, Regen, Wind usw), die Sie erfragen möchten"
    }, {
      "name" : "forecast_start_date_time",
      "id" : "rJJmJ8XBz",
      "entityId" : "snips/datetime",
      "missingQuestion" : "",
      "required" : false,
      "description" : "Der Zeitpunkt oder Zeitraum, für den Sie das Wetter erfragen möchten"
    }, {
      "name" : "forecast_locality",
      "id" : "Sy6IJLQrz",
      "entityId" : "entity_rmK9arGkvOq",
      "missingQuestion" : "",
      "required" : false,
      "description" : "Die Stadt, für die Sie das Wetter erfragen möchten"
    }, {
      "name" : "forecast_country",
      "id" : "SJMsJL7rM",
      "entityId" : "entity_OVQ6OYQ96o7B",
      "missingQuestion" : "",
      "required" : false,
      "description" : "Das Land, für das Sie das Wetter erfragen möchten"
    }, {
      "name" : "forecast_region",
      "id" : "rJbTJ8Qrf",
      "entityId" : "entity_nVnqo8nNql2e",
      "missingQuestion" : "",
      "required" : false,
      "description" : "Die Gegend, für die Sie das Wetter erfragen  möchten"
    }, {
      "name" : "forecast_geographical_poi",
      "id" : "HJKZeIXHz",
      "entityId" : "entity_zq2roK2ppKqO",
      "missingQuestion" : "",
      "required" : false,
      "description" : "Der landschaftlich interessante Ort, für den Sie das Wetter erfragen möchten (See, Fluss, Berg, Naturschutzgebiet usw.)"
    } ],
    "name" : "searchWeatherForecastCondition",
    "enabledByDefault" : true
  }, {
    "id" : "domi:searchWeatherForecastTemperature",
    "type" : "registry",
    "version" : "4.0.0",
    "language" : "de",
    "slots" : [ {
      "name" : "forecast_region",
      "id" : "S1MqIn4BM",
      "entityId" : "entity_nVnqo8nNql2e",
      "missingQuestion" : "",
      "required" : false,
      "description" : "Die Gegend, für die Sie das Wetter erfragen  möchten"
    }, {
      "name" : "forecast_start_date_time",
      "id" : "ByHpDhVHz",
      "entityId" : "snips/datetime",
      "missingQuestion" : "",
      "required" : false,
      "description" : "Der Zeitpunkt oder Zeitraum, für den Sie das Wetter erfragen möchten"
    }, {
      "name" : "forecast_geographical_poi",
      "id" : "HJRWdhVBG",
      "entityId" : "entity_zq2roK2ppKqO",
      "missingQuestion" : "",
      "required" : false,
      "description" : "Der landschaftlich interessante Ort, für den Sie das Wetter erfragen möchten (See, Fluss, Berg, Naturschutzgebiet usw.)"
    }, {
      "name" : "forecast_locality",
      "id" : "r1nfuhNSz",
      "entityId" : "entity_rmK9arGkvOq",
      "missingQuestion" : "",
      "required" : false,
      "description" : "Die Stadt, für die Sie das Wetter erfragen möchten"
    }, {
      "name" : "forecast_country",
      "id" : "Sk1NOnEHM",
      "entityId" : "entity_OVQ6OYQ96o7B",
      "missingQuestion" : "",
      "required" : false,
      "description" : "Das Land, für das Sie das Wetter erfragen möchten"
    }, {
      "name" : "forecast_temperature_name",
      "id" : "ryNBd3ESG",
      "entityId" : "entity_0NzyMGma6xAq",
      "missingQuestion" : "",
      "required" : false,
      "description" : "Die Temperaturverhältnisse, nach denen Sie sich erkundigen möchten (kalt, mild, schwül usw.)"
    } ],
    "name" : "searchWeatherForecastTemperature",
    "enabledByDefault" : true
  }, {
    "id" : "domi:searchWeatherForecast",
    "type" : "registry",
    "version" : "1.0.0",
    "language" : "de",
    "slots" : [ {
      "name" : "forecast_region",
      "id" : "r1k12FmSM",
      "entityId" : "entity_nVnqo8nNql2e",
      "missingQuestion" : "",
      "required" : false,
      "description" : "Die Gegend, für die Sie das Wetter erfragen  möchten"
    }, {
      "name" : "forecast_locality",
      "id" : "ryI-2FXSz",
      "entityId" : "entity_rmK9arGkvOq",
      "missingQuestion" : "",
      "required" : false,
      "description" : "Die Stadt, für die Sie das Wetter erfragen möchten\n\n"
    }, {
      "name" : "forecast_geographical_poi",
      "id" : "Hk0M2FmHM",
      "entityId" : "entity_zq2roK2ppKqO",
      "missingQuestion" : "",
      "required" : false,
      "description" : "Der landschaftlich interessante Ort, für den Sie das Wetter erfragen möchten (See, Fluss, Berg, Naturschutzgebiet usw.)"
    }, {
      "name" : "forecast_country",
      "id" : "H1bVntXSz",
      "entityId" : "entity_OVQ6OYQ96o7B",
      "missingQuestion" : "",
      "required" : false,
      "description" : "Das Land, für das Sie das Wetter erfragen möchten\n\n"
    }, {
      "name" : "forecast_start_date_time",
      "id" : "BJkBhKmSf",
      "entityId" : "snips/datetime",
      "missingQuestion" : "",
      "required" : false,
      "description" : "Der Zeitpunkt oder Zeitraum, für den Sie das Wetter erfragen möchten\n"
    } ],
    "name" : "searchWeatherForecast",
    "enabledByDefault" : true
  } ],
  "createdAt" : "2019-09-18T19:09:49.081Z",
  "language" : "de",
  "version" : {
    "nluModel" : "0.20.1"
  },
  "platform" : {
    "type" : "raspberrypi"
  },
  "asr" : {
    "type" : "snips"
  },
  "analyticsEnabled" : true,
  "heartbeatEnabled" : true,
  "hotword" : "hey_snips"
}