{
    "forecast_region": {
        "vanilla": "f4957006-5269-482c-b9cc-3cb1ff4f59e7.vanilla", 
        "ngram": true, 
        "added": "f4957006-5269-482c-b9cc-3cb1ff4f59e7.added", 
        "pruningThresholds": [], 
        "order": 3
    }, 
    "forecast_item": {
        "vanilla": "26caef58-40b8-481d-b601-f46d5e22795e.vanilla", 
        "ngram": true, 
        "added": "26caef58-40b8-481d-b601-f46d5e22795e.added", 
        "pruningThresholds": [], 
        "order": 3
    }, 
    "forecast_country": {
        "vanilla": "6aec95e0-a695-4caa-bdea-331962255611.vanilla", 
        "ngram": true, 
        "added": "6aec95e0-a695-4caa-bdea-331962255611.added", 
        "pruningThresholds": [], 
        "order": 3
    }, 
    "locality": {
        "vanilla": "c5a93d78-0b51-4033-bea0-69dc149b6c37.vanilla", 
        "ngram": true, 
        "added": "c5a93d78-0b51-4033-bea0-69dc149b6c37.added", 
        "pruningThresholds": [], 
        "order": 3
    }, 
    "randomThings": {
        "vanilla": "ba4d2e48-2a70-40d5-871c-db47f91abe7a.vanilla", 
        "ngram": true, 
        "added": "ba4d2e48-2a70-40d5-871c-db47f91abe7a.added", 
        "pruningThresholds": [], 
        "order": 3
    }, 
    "snips/number": {
        "vanilla": "86e551ba-5ea5-473b-bae3-b630adcff7b1.vanilla", 
        "ngram": false, 
        "added": "86e551ba-5ea5-473b-bae3-b630adcff7b1.added", 
        "pruningThresholds": [], 
        "order": 0
    }, 
    "forecast_geographical_poi": {
        "vanilla": "14f9f826-347d-48bc-9522-1336e0aca921.vanilla", 
        "ngram": true, 
        "added": "14f9f826-347d-48bc-9522-1336e0aca921.added", 
        "pruningThresholds": [], 
        "order": 3
    }, 
    "forecast_temperature_name": {
        "vanilla": "5d2cec31-cc3c-4493-ab3e-ac320e24435a.vanilla", 
        "ngram": true, 
        "added": "5d2cec31-cc3c-4493-ab3e-ac320e24435a.added", 
        "pruningThresholds": [], 
        "order": 3
    }, 
    "snips/ordinal": {
        "vanilla": "fe808d35-73fa-4dda-a234-c7fcfed993c5.vanilla", 
        "ngram": false, 
        "added": "fe808d35-73fa-4dda-a234-c7fcfed993c5.added", 
        "pruningThresholds": [], 
        "order": 0
    }, 
    "forecast_condition_name": {
        "vanilla": "8994ef4d-c072-4ee5-8fc5-a5a176123fbe.vanilla", 
        "ngram": true, 
        "added": "8994ef4d-c072-4ee5-8fc5-a5a176123fbe.added", 
        "pruningThresholds": [], 
        "order": 3
    }, 
    "datetype": {
        "vanilla": "a7de6183-09c1-4f86-ac55-72d261c029b8.vanilla", 
        "ngram": true, 
        "added": "a7de6183-09c1-4f86-ac55-72d261c029b8.added", 
        "pruningThresholds": [], 
        "order": 3
    }, 
    "snips/datetime": {
        "vanilla": "6db529a9-1af9-45df-b90c-2a5db5d90b7b.vanilla", 
        "ngram": false, 
        "added": "6db529a9-1af9-45df-b90c-2a5db5d90b7b.added", 
        "pruningThresholds": [], 
        "order": 0
    }
}