{
  "config": {
    "crf_args": {
      "algorithm": "lbfgs",
      "c1": 0.1,
      "c2": 0.1
    },
    "data_augmentation_config": {
      "add_builtin_entities_examples": false,
      "capitalization_ratio": 0,
      "min_utterances": 200
    },
    "feature_factory_configs": [
      {
        "args": {
          "common_words_gazetteer_name": "top_200000_words_stemmed",
          "language_code": "de",
          "n": 1,
          "use_stemming": true
        },
        "factory_name": "ngram",
        "offsets": [
          -2,
          -1,
          0,
          1,
          2
        ]
      },
      {
        "args": {
          "common_words_gazetteer_name": "top_200000_words_stemmed",
          "language_code": "de",
          "n": 2,
          "use_stemming": true
        },
        "factory_name": "ngram",
        "offsets": [
          -2,
          1
        ]
      },
      {
        "args": {
          "prefix_size": 2
        },
        "factory_name": "prefix",
        "offsets": [
          0
        ]
      },
      {
        "args": {
          "prefix_size": 5
        },
        "factory_name": "prefix",
        "offsets": [
          0
        ]
      },
      {
        "args": {
          "suffix_size": 2
        },
        "factory_name": "suffix",
        "offsets": [
          0
        ]
      },
      {
        "args": {
          "suffix_size": 5
        },
        "factory_name": "suffix",
        "offsets": [
          0
        ]
      },
      {
        "args": {},
        "factory_name": "is_digit",
        "offsets": [
          -1,
          0,
          1
        ]
      },
      {
        "args": {},
        "factory_name": "is_first",
        "offsets": [
          -2,
          -1,
          0
        ]
      },
      {
        "args": {},
        "factory_name": "is_last",
        "offsets": [
          0,
          1,
          2
        ]
      },
      {
        "args": {
          "entities": [],
          "entity_filter": {
            "automatically_extensible": false
          },
          "tagging_scheme_code": 2,
          "use_stemming": true
        },
        "drop_out": 0.1,
        "factory_name": "entity_match",
        "offsets": [
          -2,
          -1,
          0
        ]
      },
      {
        "args": {
          "entities": [],
          "entity_filter": {
            "automatically_extensible": true
          },
          "tagging_scheme_code": 2,
          "use_stemming": true
        },
        "drop_out": 0.5,
        "factory_name": "entity_match",
        "offsets": [
          -2,
          -1,
          0
        ]
      },
      {
        "args": {
          "entity_labels": [
            "snips/amountOfMoney",
            "snips/datetime",
            "snips/duration",
            "snips/number",
            "snips/ordinal",
            "snips/percentage",
            "snips/temperature"
          ],
          "language_code": "de",
          "tagging_scheme_code": 1
        },
        "factory_name": "builtin_entity_match",
        "offsets": [
          -2,
          -1,
          0
        ]
      }
    ],
    "tagging_scheme": 1,
    "unit_name": "crf_slot_filler"
  },
  "crf_model_file": "model.crfsuite",
  "intent": "domi:getAddition",
  "language_code": "de",
  "slot_name_mapping": {
    "firstTerm": "snips/number",
    "secondTerm": "snips/number"
  }
}