{
  "parsers_metadata": [
    {
      "entity_identifier": "datetype",
      "entity_parser": "parser_1"
    },
    {
      "entity_identifier": "forecast_condition_name",
      "entity_parser": "parser_2"
    },
    {
      "entity_identifier": "forecast_country",
      "entity_parser": "parser_3"
    },
    {
      "entity_identifier": "forecast_geographical_poi",
      "entity_parser": "parser_4"
    },
    {
      "entity_identifier": "forecast_item",
      "entity_parser": "parser_5"
    },
    {
      "entity_identifier": "forecast_region",
      "entity_parser": "parser_6"
    },
    {
      "entity_identifier": "forecast_temperature_name",
      "entity_parser": "parser_7"
    },
    {
      "entity_identifier": "locality",
      "entity_parser": "parser_8"
    },
    {
      "entity_identifier": "randomThings",
      "entity_parser": "parser_9"
    }
  ]
}