{
  "config": {
    "ignore_stop_words": true,
    "unit_name": "lookup_intent_parser"
  },
  "entity_scopes": [
    {
      "entity_scope": {
        "builtin": [],
        "custom": []
      },
      "intent_group": [
        "domi:currentDate",
        "domi:currentTime"
      ]
    },
    {
      "entity_scope": {
        "builtin": [],
        "custom": [
          "datetype"
        ]
      },
      "intent_group": [
        "domi:dateInfo"
      ]
    },
    {
      "entity_scope": {
        "builtin": [
          "snips/number"
        ],
        "custom": []
      },
      "intent_group": [
        "domi:getAddition",
        "domi:getDivision",
        "domi:getMultiplikation",
        "domi:getSubtraktion"
      ]
    },
    {
      "entity_scope": {
        "builtin": [
          "snips/ordinal",
          "snips/number"
        ],
        "custom": []
      },
      "intent_group": [
        "domi:getWurzel"
      ]
    },
    {
      "entity_scope": {
        "builtin": [],
        "custom": [
          "randomThings"
        ]
      },
      "intent_group": [
        "domi:getZufall"
      ]
    },
    {
      "entity_scope": {
        "builtin": [
          "snips/datetime"
        ],
        "custom": [
          "forecast_country",
          "locality",
          "forecast_geographical_poi",
          "forecast_region"
        ]
      },
      "intent_group": [
        "domi:searchWeatherForecast"
      ]
    },
    {
      "entity_scope": {
        "builtin": [
          "snips/datetime"
        ],
        "custom": [
          "locality",
          "forecast_geographical_poi",
          "forecast_condition_name",
          "forecast_country",
          "forecast_region"
        ]
      },
      "intent_group": [
        "domi:searchWeatherForecastCondition"
      ]
    },
    {
      "entity_scope": {
        "builtin": [
          "snips/datetime"
        ],
        "custom": [
          "locality",
          "forecast_geographical_poi",
          "forecast_item",
          "forecast_country",
          "forecast_region"
        ]
      },
      "intent_group": [
        "domi:searchWeatherForecastItem"
      ]
    },
    {
      "entity_scope": {
        "builtin": [
          "snips/datetime"
        ],
        "custom": [
          "locality",
          "forecast_geographical_poi",
          "forecast_country",
          "forecast_temperature_name",
          "forecast_region"
        ]
      },
      "intent_group": [
        "domi:searchWeatherForecastTemperature"
      ]
    },
    {
      "entity_scope": {
        "builtin": [
          "snips/datetime"
        ],
        "custom": []
      },
      "intent_group": [
        "domi:weekNumber"
      ]
    }
  ],
  "intents_names": [
    "domi:currentDate",
    "domi:currentTime",
    "domi:dateInfo",
    "domi:getAddition",
    "domi:getDivision",
    "domi:getMultiplikation",
    "domi:getSubtraktion",
    "domi:getWurzel",
    "domi:getZufall",
    "domi:searchWeatherForecast",
    "domi:searchWeatherForecastCondition",
    "domi:searchWeatherForecastItem",
    "domi:searchWeatherForecastTemperature",
    "domi:weekNumber"
  ],
  "language_code": "de",
  "map": {
    "-2146857652": [
      12,
      [
        6,
        5,
        12
      ]
    ],
    "-2146419346": [
      10,
      [
        6,
        10
      ]
    ],
    "-2145304761": [
      2,
      [
        0
      ]
    ],
    "-2143514737": [
      10,
      [
        6,
        9,
        10
      ]
    ],
    "-2141486911": [
      11,
      [
        8,
        11
      ]
    ],
    "-2140914114": [
      12,
      [
        7,
        6,
        12
      ]
    ],
    "-2136070289": [
      11,
      [
        5,
        11
      ]
    ],
    "-2129410018": [
      9,
      [
        6,
        9
      ]
    ],
    "-2126381821": [
      12,
      [
        5,
        6,
        12
      ]
    ],
    "-2123935585": [
      1,
      []
    ],
    "-2118939886": [
      5,
      [
        1,
        2
      ]
    ],
    "-2113826091": [
      9,
      [
        7
      ]
    ],
    "-2110891263": [
      11,
      [
        6,
        7,
        11
      ]
    ],
    "-2108475434": [
      11,
      [
        6,
        9,
        11
      ]
    ],
    "-2108320354": [
      10,
      [
        10,
        7
      ]
    ],
    "-2102979127": [
      12,
      [
        7,
        6,
        12
      ]
    ],
    "-2100656713": [
      12,
      [
        6,
        9,
        12
      ]
    ],
    "-2094456433": [
      11,
      [
        6,
        7,
        11
      ]
    ],
    "-2072645865": [
      10,
      [
        5,
        6,
        10
      ]
    ],
    "-2069242307": [
      12,
      [
        6,
        9,
        12
      ]
    ],
    "-2051195775": [
      11,
      [
        7,
        6,
        11
      ]
    ],
    "-2050000757": [
      11,
      [
        7,
        11
      ]
    ],
    "-2045836878": [
      9,
      [
        6,
        9
      ]
    ],
    "-2043196131": [
      11,
      [
        6,
        11,
        9
      ]
    ],
    "-2042662985": [
      11,
      [
        9,
        11
      ]
    ],
    "-2025575212": [
      12,
      [
        7,
        12,
        9
      ]
    ],
    "-2011687197": [
      10,
      [
        6,
        10,
        7
      ]
    ],
    "-2011639406": [
      10,
      [
        5,
        10
      ]
    ],
    "-2004919800": [
      11,
      [
        11,
        7
      ]
    ],
    "-2004798483": [
      10,
      [
        5,
        10
      ]
    ],
    "-2004034409": [
      2,
      [
        0
      ]
    ],
    "-1996185288": [
      9,
      [
        6,
        8
      ]
    ],
    "-1995376648": [
      12,
      [
        6,
        12,
        7
      ]
    ],
    "-1985910802": [
      11,
      [
        6,
        7,
        11
      ]
    ],
    "-1985181195": [
      10,
      [
        7,
        6,
        10
      ]
    ],
    "-1985156891": [
      11,
      [
        11,
        8
      ]
    ],
    "-1980687887": [
      12,
      [
        9,
        6,
        12
      ]
    ],
    "-1978147636": [
      10,
      [
        10,
        6
      ]
    ],
    "-1973986443": [
      9,
      [
        6,
        7
      ]
    ],
    "-1960293067": [
      9,
      [
        6,
        7
      ]
    ],
    "-1940456291": [
      11,
      [
        11,
        9,
        7
      ]
    ],
    "-1936359867": [
      10,
      [
        10,
        5
      ]
    ],
    "-1934858303": [
      3,
      [
        1,
        2
      ]
    ],
    "-1927305701": [
      12,
      [
        6,
        12,
        8
      ]
    ],
    "-1925699514": [
      9,
      [
        9
      ]
    ],
    "-1923362163": [
      13,
      [
        13
      ]
    ],
    "-1922267993": [
      8,
      [
        4
      ]
    ],
    "-1921425566": [
      3,
      [
        1,
        2
      ]
    ],
    "-1904150142": [
      5,
      [
        1,
        2
      ]
    ],
    "-1902154378": [
      9,
      [
        9,
        6
      ]
    ],
    "-1899472406": [
      10,
      [
        9,
        6,
        10
      ]
    ],
    "-1896804576": [
      7,
      [
        1
      ]
    ],
    "-1893067994": [
      12,
      [
        5,
        8,
        12
      ]
    ],
    "-1892658395": [
      12,
      [
        12,
        7,
        9
      ]
    ],
    "-1892031829": [
      9,
      [
        7
      ]
    ],
    "-1881600422": [
      10,
      [
        10,
        7
      ]
    ],
    "-1871807738": [
      11,
      [
        6,
        9,
        7,
        11
      ]
    ],
    "-1870530436": [
      11,
      [
        11,
        9,
        6
      ]
    ],
    "-1870311663": [
      7,
      [
        3,
        1
      ]
    ],
    "-1862157579": [
      12,
      [
        6,
        9,
        12
      ]
    ],
    "-1860689241": [
      11,
      [
        6,
        9,
        11
      ]
    ],
    "-1855246335": [
      12,
      [
        12,
        6,
        9
      ]
    ],
    "-1852055187": [
      6,
      [
        1,
        2
      ]
    ],
    "-1848483907": [
      11,
      [
        5,
        11
      ]
    ],
    "-1841039809": [
      11,
      [
        11,
        9
      ]
    ],
    "-1832327965": [
      12,
      [
        6,
        12,
        8
      ]
    ],
    "-1831995263": [
      11,
      [
        9,
        11
      ]
    ],
    "-1817601365": [
      10,
      [
        6,
        9,
        10
      ]
    ],
    "-1815941209": [
      13,
      [
        13
      ]
    ],
    "-1815408154": [
      10,
      [
        6,
        5,
        10
      ]
    ],
    "-1811079566": [
      10,
      [
        10
      ]
    ],
    "-1810074348": [
      9,
      [
        7
      ]
    ],
    "-1809580659": [
      10,
      [
        5,
        10
      ]
    ],
    "-1808404989": [
      11,
      [
        7,
        11
      ]
    ],
    "-1795943661": [
      9,
      [
        9
      ]
    ],
    "-1792929123": [
      11,
      [
        5,
        6,
        11
      ]
    ],
    "-1785796219": [
      2,
      [
        0
      ]
    ],
    "-1782266667": [
      6,
      [
        1,
        2
      ]
    ],
    "-1774972714": [
      12,
      [
        6,
        5,
        12
      ]
    ],
    "-1773137693": [
      12,
      []
    ],
    "-1768761271": [
      11,
      [
        8,
        11
      ]
    ],
    "-1765531032": [
      12,
      [
        12,
        8
      ]
    ],
    "-1764546721": [
      6,
      [
        1,
        2
      ]
    ],
    "-1759915966": [
      12,
      [
        6,
        8,
        12
      ]
    ],
    "-1754404673": [
      10,
      [
        9,
        10
      ]
    ],
    "-1753791842": [
      10,
      [
        6,
        9,
        10
      ]
    ],
    "-1752138991": [
      10,
      [
        7,
        10
      ]
    ],
    "-1747812615": [
      9,
      [
        6,
        5
      ]
    ],
    "-1745549914": [
      11,
      [
        6,
        7,
        11
      ]
    ],
    "-1726839204": [
      12,
      [
        6,
        12,
        9
      ]
    ],
    "-1726656468": [
      12,
      [
        7,
        12
      ]
    ],
    "-1719525945": [
      11,
      [
        7,
        11
      ]
    ],
    "-1706874893": [
      11,
      [
        11,
        6,
        9
      ]
    ],
    "-1703746205": [
      12,
      [
        9,
        12
      ]
    ],
    "-1702987666": [
      11,
      [
        7,
        11
      ]
    ],
    "-1687279325": [
      11,
      [
        9,
        11
      ]
    ],
    "-1686969234": [
      7,
      [
        1
      ]
    ],
    "-1680335003": [
      12,
      [
        5,
        8,
        12
      ]
    ],
    "-1672820571": [
      13,
      [
        13
      ]
    ],
    "-1670712844": [
      10,
      [
        10,
        7
      ]
    ],
    "-1669422720": [
      10,
      [
        6,
        7,
        10
      ]
    ],
    "-1668343277": [
      11,
      [
        6,
        7,
        11
      ]
    ],
    "-1667261888": [
      10,
      [
        5,
        6,
        10
      ]
    ],
    "-1658332994": [
      0,
      []
    ],
    "-1654145773": [
      9,
      [
        7
      ]
    ],
    "-1652639907": [
      12,
      [
        12,
        5,
        6
      ]
    ],
    "-1651376812": [
      5,
      [
        1,
        2
      ]
    ],
    "-1651230443": [
      6,
      [
        1,
        2
      ]
    ],
    "-1647797848": [
      10,
      [
        6,
        7,
        10
      ]
    ],
    "-1643970430": [
      12,
      [
        12,
        7,
        9
      ]
    ],
    "-1641516077": [
      12,
      [
        12,
        6,
        7
      ]
    ],
    "-1639918621": [
      12,
      [
        6,
        12,
        8
      ]
    ],
    "-1629306106": [
      10,
      [
        6,
        10
      ]
    ],
    "-1616737420": [
      10,
      [
        6,
        5,
        10
      ]
    ],
    "-1614708334": [
      7,
      [
        1
      ]
    ],
    "-1610517142": [
      5,
      [
        1,
        2
      ]
    ],
    "-1606431535": [
      9,
      [
        6,
        5
      ]
    ],
    "-1598259334": [
      10,
      [
        8,
        10
      ]
    ],
    "-1596407636": [
      0,
      []
    ],
    "-1592062497": [
      10,
      [
        10,
        9
      ]
    ],
    "-1590438415": [
      12,
      [
        6,
        12,
        9
      ]
    ],
    "-1588752778": [
      8,
      [
        4
      ]
    ],
    "-1581043382": [
      10,
      [
        9,
        10
      ]
    ],
    "-1575866407": [
      13,
      [
        13
      ]
    ],
    "-1572737520": [
      10,
      [
        10,
        5
      ]
    ],
    "-1571250556": [
      11,
      [
        11,
        6,
        8
      ]
    ],
    "-1568638306": [
      12,
      [
        5,
        8,
        12
      ]
    ],
    "-1567258107": [
      11,
      [
        6,
        9,
        11
      ]
    ],
    "-1565317404": [
      10,
      [
        5,
        10
      ]
    ],
    "-1564833366": [
      12,
      [
        12,
        6,
        8
      ]
    ],
    "-1562888524": [
      12,
      [
        12,
        7
      ]
    ],
    "-1562227046": [
      8,
      [
        4
      ]
    ],
    "-1549120008": [
      2,
      [
        0
      ]
    ],
    "-1547998120": [
      1,
      []
    ],
    "-1546141730": [
      11,
      [
        6,
        11,
        7
      ]
    ],
    "-1541326801": [
      11,
      [
        11,
        9
      ]
    ],
    "-1534543153": [
      9,
      [
        6,
        8
      ]
    ],
    "-1532422828": [
      12,
      [
        12,
        5,
        8
      ]
    ],
    "-1531505841": [
      10,
      [
        8,
        6,
        10
      ]
    ],
    "-1519140501": [
      11,
      [
        6,
        5,
        11
      ]
    ],
    "-1516715828": [
      0,
      []
    ],
    "-1513502448": [
      8,
      [
        4
      ]
    ],
    "-1512829260": [
      10,
      [
        6,
        9,
        10
      ]
    ],
    "-1508297687": [
      11,
      [
        11,
        5
      ]
    ],
    "-1508057359": [
      10,
      [
        8,
        10
      ]
    ],
    "-1507201531": [
      12,
      [
        6,
        5,
        12
      ]
    ],
    "-1506082269": [
      12,
      [
        6,
        8,
        12
      ]
    ],
    "-1500781950": [
      10,
      [
        10,
        7
      ]
    ],
    "-1493824275": [
      12,
      [
        6,
        9,
        12
      ]
    ],
    "-1486661195": [
      3,
      [
        1,
        2
      ]
    ],
    "-1485129677": [
      9,
      [
        9
      ]
    ],
    "-1481127406": [
      9,
      [
        9,
        6
      ]
    ],
    "-1480203194": [
      11,
      [
        6,
        11,
        7
      ]
    ],
    "-1477151567": [
      11,
      [
        6,
        8,
        11
      ]
    ],
    "-1476701496": [
      11,
      [
        6,
        9,
        7,
        11
      ]
    ],
    "-1470769029": [
      9,
      [
        6,
        9
      ]
    ],
    "-1468662950": [
      0,
      []
    ],
    "-1467481820": [
      11,
      [
        6,
        11,
        9
      ]
    ],
    "-1462957339": [
      10,
      [
        6,
        8,
        10
      ]
    ],
    "-1462830167": [
      9,
      [
        6,
        9
      ]
    ],
    "-1461246552": [
      12,
      [
        9,
        12,
        7
      ]
    ],
    "-1458511751": [
      10,
      [
        7,
        10
      ]
    ],
    "-1457993411": [
      3,
      [
        1,
        2
      ]
    ],
    "-1454039665": [
      10,
      [
        6,
        7,
        10
      ]
    ],
    "-1453584356": [
      11,
      [
        6,
        11,
        5
      ]
    ],
    "-1452661346": [
      10,
      [
        6,
        9,
        10
      ]
    ],
    "-1450587501": [
      9,
      [
        7
      ]
    ],
    "-1443622534": [
      9,
      [
        6,
        8
      ]
    ],
    "-1436125845": [
      9,
      [
        6,
        8
      ]
    ],
    "-1435824451": [
      9,
      [
        5
      ]
    ],
    "-1434658884": [
      12,
      []
    ],
    "-1432660829": [
      11,
      [
        9,
        6,
        11
      ]
    ],
    "-1432276923": [
      10,
      [
        9,
        10
      ]
    ],
    "-1418369004": [
      10,
      [
        6,
        5,
        10
      ]
    ],
    "-1405071993": [
      3,
      [
        1,
        2
      ]
    ],
    "-1403634860": [
      1,
      []
    ],
    "-1403576528": [
      12,
      [
        12,
        6,
        5
      ]
    ],
    "-1401123839": [
      9,
      [
        8,
        6
      ]
    ],
    "-1394313616": [
      10,
      [
        6,
        5,
        10
      ]
    ],
    "-1388164926": [
      11,
      [
        5,
        11
      ]
    ],
    "-1386190642": [
      12,
      [
        12,
        5
      ]
    ],
    "-1385248374": [
      9,
      [
        6,
        9
      ]
    ],
    "-1383180523": [
      12,
      [
        9,
        12
      ]
    ],
    "-1381837913": [
      11,
      [
        9,
        11
      ]
    ],
    "-1376032217": [
      9,
      [
        6,
        7
      ]
    ],
    "-1375866027": [
      6,
      [
        1,
        2
      ]
    ],
    "-1367391784": [
      10,
      [
        6,
        7,
        10
      ]
    ],
    "-1360635902": [
      11,
      [
        8,
        6,
        11
      ]
    ],
    "-1357891927": [
      2,
      [
        0
      ]
    ],
    "-1357317994": [
      1,
      []
    ],
    "-1347802532": [
      9,
      [
        9
      ]
    ],
    "-1342831708": [
      6,
      [
        1,
        2
      ]
    ],
    "-1342617609": [
      11,
      [
        9,
        11
      ]
    ],
    "-1336197307": [
      11,
      [
        7,
        11
      ]
    ],
    "-1335623274": [
      11,
      [
        9,
        6,
        11
      ]
    ],
    "-1335179926": [
      10,
      [
        10,
        6,
        9
      ]
    ],
    "-1335028698": [
      11,
      [
        6,
        11,
        7
      ]
    ],
    "-1332551001": [
      10,
      [
        5,
        10
      ]
    ],
    "-1326215559": [
      11,
      [
        6,
        7,
        11
      ]
    ],
    "-1320032791": [
      11,
      [
        11,
        5
      ]
    ],
    "-1317603897": [
      10,
      [
        10,
        6,
        8
      ]
    ],
    "-1314448283": [
      12,
      [
        12,
        6,
        9
      ]
    ],
    "-1313731394": [
      10,
      [
        10,
        8
      ]
    ],
    "-1306080836": [
      1,
      []
    ],
    "-1296875009": [
      4,
      [
        1,
        2
      ]
    ],
    "-1289719585": [
      12,
      [
        6,
        12,
        8
      ]
    ],
    "-1289456073": [
      8,
      [
        4
      ]
    ],
    "-1289179841": [
      10,
      [
        5,
        10,
        10
      ]
    ],
    "-1284783621": [
      11,
      [
        7,
        6,
        11
      ]
    ],
    "-1284439414": [
      12,
      [
        8,
        12
      ]
    ],
    "-1281548977": [
      13,
      [
        13
      ]
    ],
    "-1276670691": [
      2,
      [
        0
      ]
    ],
    "-1272482681": [
      9,
      [
        7
      ]
    ],
    "-1269424571": [
      8,
      [
        4
      ]
    ],
    "-1267207231": [
      10,
      [
        7,
        10
      ]
    ],
    "-1259998875": [
      2,
      [
        0
      ]
    ],
    "-1252868185": [
      1,
      []
    ],
    "-1250569669": [
      9,
      [
        9
      ]
    ],
    "-1250379535": [
      11,
      [
        11,
        6,
        7
      ]
    ],
    "-1240785435": [
      11,
      [
        6,
        11,
        7
      ]
    ],
    "-1236965697": [
      9,
      [
        9
      ]
    ],
    "-1233675923": [
      1,
      []
    ],
    "-1231910411": [
      12,
      [
        12,
        9
      ]
    ],
    "-1230103292": [
      12,
      [
        9,
        6,
        12
      ]
    ],
    "-1229305964": [
      9,
      [
        9
      ]
    ],
    "-1226545663": [
      12,
      [
        6,
        5,
        12
      ]
    ],
    "-1223027704": [
      1,
      []
    ],
    "-1219439463": [
      12,
      [
        9,
        12
      ]
    ],
    "-1219346774": [
      11,
      [
        8,
        11
      ]
    ],
    "-1216761429": [
      11,
      [
        6,
        9,
        11
      ]
    ],
    "-1216349400": [
      12,
      [
        12,
        6,
        7
      ]
    ],
    "-1211765044": [
      9,
      [
        6,
        9
      ]
    ],
    "-1207305628": [
      4,
      [
        1,
        2
      ]
    ],
    "-1206052585": [
      1,
      []
    ],
    "-1201494516": [
      11,
      [
        6,
        9,
        11
      ]
    ],
    "-1199502935": [
      12,
      [
        8,
        6,
        12
      ]
    ],
    "-1190064658": [
      13,
      [
        13
      ]
    ],
    "-1189808856": [
      4,
      [
        1,
        2
      ]
    ],
    "-1189767374": [
      1,
      []
    ],
    "-1189011923": [
      2,
      [
        0
      ]
    ],
    "-1186252675": [
      5,
      [
        1,
        2
      ]
    ],
    "-1178073478": [
      10,
      [
        6,
        9,
        10
      ]
    ],
    "-1173922253": [
      10,
      [
        6,
        7,
        10
      ]
    ],
    "-1173649394": [
      1,
      []
    ],
    "-1169753385": [
      11,
      [
        9,
        11,
        7
      ]
    ],
    "-1162218977": [
      9,
      [
        6,
        8
      ]
    ],
    "-1161426360": [
      11,
      [
        9,
        11
      ]
    ],
    "-1161091897": [
      12,
      [
        7,
        9,
        12
      ]
    ],
    "-1160284348": [
      1,
      []
    ],
    "-1157846348": [
      7,
      [
        1
      ]
    ],
    "-1145564005": [
      11,
      [
        6,
        7,
        11
      ]
    ],
    "-1143841422": [
      11,
      [
        9,
        7,
        11
      ]
    ],
    "-1143659071": [
      12,
      [
        9,
        7,
        12
      ]
    ],
    "-1142235228": [
      11,
      [
        5,
        6,
        11
      ]
    ],
    "-1141138529": [
      10,
      [
        10,
        7
      ]
    ],
    "-1141122823": [
      10,
      [
        9,
        6,
        10
      ]
    ],
    "-1135233712": [
      9,
      [
        6,
        5
      ]
    ],
    "-1132842026": [
      10,
      [
        6,
        10,
        5
      ]
    ],
    "-1130229442": [
      11,
      [
        11,
        8
      ]
    ],
    "-1128709732": [
      11,
      [
        11,
        5
      ]
    ],
    "-1128262409": [
      9,
      [
        7
      ]
    ],
    "-1127144716": [
      11,
      [
        6,
        7,
        11
      ]
    ],
    "-1126310741": [
      11,
      [
        9,
        11
      ]
    ],
    "-1118292361": [
      11,
      [
        11,
        7
      ]
    ],
    "-1117387251": [
      11,
      [
        6,
        7,
        11
      ]
    ],
    "-1115471091": [
      12,
      [
        9,
        6,
        12
      ]
    ],
    "-1106040265": [
      11,
      [
        6,
        11,
        9
      ]
    ],
    "-1096298910": [
      12,
      [
        6,
        8,
        12
      ]
    ],
    "-1084009675": [
      9,
      [
        7
      ]
    ],
    "-1081424987": [
      11,
      [
        6,
        7,
        11
      ]
    ],
    "-1078433991": [
      11,
      [
        6,
        8,
        11
      ]
    ],
    "-1078081999": [
      10,
      [
        5,
        10
      ]
    ],
    "-1071337163": [
      11,
      [
        11,
        7
      ]
    ],
    "-1066169309": [
      9,
      [
        5,
        6
      ]
    ],
    "-1063287650": [
      11,
      [
        6,
        5,
        11
      ]
    ],
    "-1062920275": [
      12,
      [
        12,
        6,
        9
      ]
    ],
    "-1055013876": [
      12,
      [
        8,
        6,
        12
      ]
    ],
    "-1054036460": [
      10,
      [
        6,
        5,
        10
      ]
    ],
    "-1047811305": [
      10,
      [
        10,
        7
      ]
    ],
    "-1047075005": [
      0,
      []
    ],
    "-1046024336": [
      10,
      [
        9,
        10
      ]
    ],
    "-1034490458": [
      10,
      [
        6,
        10
      ]
    ],
    "-1034176866": [
      10,
      [
        6,
        10,
        5
      ]
    ],
    "-1014678278": [
      10,
      [
        10
      ]
    ],
    "-1007876300": [
      10,
      [
        10,
        6,
        8
      ]
    ],
    "-1004823608": [
      11,
      [
        6,
        11,
        9
      ]
    ],
    "-1001019220": [
      10,
      [
        7,
        10
      ]
    ],
    "-995262601": [
      11,
      [
        11,
        9,
        6
      ]
    ],
    "-990695810": [
      12,
      [
        9,
        12
      ]
    ],
    "-990196179": [
      11,
      [
        11,
        8
      ]
    ],
    "-975982051": [
      13,
      [
        13
      ]
    ],
    "-970657451": [
      13,
      [
        13
      ]
    ],
    "-954169414": [
      6,
      [
        1,
        2
      ]
    ],
    "-944851028": [
      9,
      [
        6,
        7
      ]
    ],
    "-934760385": [
      10,
      [
        9,
        10
      ]
    ],
    "-924546666": [
      12,
      [
        9,
        7,
        12
      ]
    ],
    "-923674867": [
      8,
      [
        4
      ]
    ],
    "-922489407": [
      7,
      [
        3,
        1
      ]
    ],
    "-921673061": [
      11,
      [
        11,
        9
      ]
    ],
    "-921624738": [
      6,
      [
        1,
        2
      ]
    ],
    "-919854082": [
      12,
      [
        6,
        9,
        12
      ]
    ],
    "-909080229": [
      12,
      [
        7,
        9,
        12
      ]
    ],
    "-903636726": [
      11,
      [
        9,
        11
      ]
    ],
    "-899973717": [
      10,
      [
        6,
        10,
        7
      ]
    ],
    "-897984971": [
      8,
      [
        4
      ]
    ],
    "-897932353": [
      8,
      [
        4
      ]
    ],
    "-896506004": [
      11,
      [
        6,
        7,
        11
      ]
    ],
    "-895710690": [
      3,
      [
        1,
        2
      ]
    ],
    "-891620749": [
      9,
      [
        6,
        9
      ]
    ],
    "-889527967": [
      4,
      [
        1,
        2
      ]
    ],
    "-888010968": [
      9,
      [
        7
      ]
    ],
    "-887617433": [
      10,
      [
        10,
        9
      ]
    ],
    "-882817121": [
      12,
      [
        6,
        12,
        9
      ]
    ],
    "-881167542": [
      10,
      [
        10,
        6,
        8
      ]
    ],
    "-880774091": [
      10,
      [
        6,
        10,
        8
      ]
    ],
    "-875778252": [
      9,
      [
        7
      ]
    ],
    "-871117958": [
      0,
      []
    ],
    "-866766970": [
      0,
      []
    ],
    "-866677604": [
      13,
      [
        13
      ]
    ],
    "-861615696": [
      12,
      [
        12,
        6,
        8
      ]
    ],
    "-858933397": [
      7,
      [
        1
      ]
    ],
    "-856763201": [
      10,
      [
        9,
        10
      ]
    ],
    "-839304380": [
      9,
      [
        6,
        9
      ]
    ],
    "-828116295": [
      11,
      [
        11,
        7
      ]
    ],
    "-825968618": [
      12,
      []
    ],
    "-821609974": [
      11,
      [
        6,
        11,
        5
      ]
    ],
    "-818936847": [
      10,
      [
        10,
        9
      ]
    ],
    "-817325241": [
      7,
      [
        1
      ]
    ],
    "-817194270": [
      12,
      [
        6,
        7,
        12
      ]
    ],
    "-816656225": [
      11,
      [
        11,
        5
      ]
    ],
    "-814507282": [
      10,
      [
        7,
        10
      ]
    ],
    "-805487369": [
      9,
      [
        5,
        6
      ]
    ],
    "-804821978": [
      11,
      [
        9,
        7,
        11
      ]
    ],
    "-798736780": [
      7,
      [
        3,
        1
      ]
    ],
    "-795465786": [
      10,
      [
        10,
        7
      ]
    ],
    "-794507530": [
      4,
      [
        1,
        2
      ]
    ],
    "-793535755": [
      12,
      [
        9,
        12
      ]
    ],
    "-793497894": [
      12,
      [
        6,
        9,
        12
      ]
    ],
    "-792955789": [
      12,
      [
        7,
        9,
        12
      ]
    ],
    "-783413880": [
      9,
      [
        6,
        8
      ]
    ],
    "-781895234": [
      11,
      [
        6,
        11,
        7
      ]
    ],
    "-778194134": [
      11,
      [
        6,
        5,
        11
      ]
    ],
    "-776513717": [
      12,
      [
        6,
        12,
        9
      ]
    ],
    "-776186909": [
      12,
      []
    ],
    "-773025523": [
      12,
      [
        6,
        7,
        12
      ]
    ],
    "-771351891": [
      1,
      []
    ],
    "-767755903": [
      10,
      [
        10,
        5
      ]
    ],
    "-767650875": [
      11,
      [
        11,
        7,
        9
      ]
    ],
    "-767023900": [
      10,
      [
        6,
        9,
        10
      ]
    ],
    "-766059676": [
      11,
      [
        7,
        11
      ]
    ],
    "-764142210": [
      11,
      [
        6,
        11,
        7
      ]
    ],
    "-756092707": [
      12,
      [
        12,
        6,
        7
      ]
    ],
    "-755805729": [
      12,
      [
        9,
        12
      ]
    ],
    "-745748903": [
      8,
      [
        4
      ]
    ],
    "-745736358": [
      11,
      [
        11,
        7
      ]
    ],
    "-735150862": [
      7,
      [
        1
      ]
    ],
    "-726402877": [
      11,
      [
        9,
        11
      ]
    ],
    "-725664498": [
      11,
      [
        7,
        11
      ]
    ],
    "-712044524": [
      9,
      [
        6,
        9
      ]
    ],
    "-708996690": [
      10,
      [
        10
      ]
    ],
    "-708482068": [
      12,
      [
        6,
        9,
        12
      ]
    ],
    "-706820231": [
      9,
      [
        6,
        5
      ]
    ],
    "-705964636": [
      10,
      [
        10
      ]
    ],
    "-704344328": [
      12,
      [
        6,
        9,
        12
      ]
    ],
    "-702831059": [
      11,
      [
        11,
        6,
        7
      ]
    ],
    "-697139476": [
      10,
      [
        10,
        6,
        5
      ]
    ],
    "-692713129": [
      12,
      [
        5,
        12
      ]
    ],
    "-688949267": [
      10,
      [
        9,
        10
      ]
    ],
    "-685469669": [
      9,
      [
        7
      ]
    ],
    "-684403364": [
      8,
      [
        4
      ]
    ],
    "-680912140": [
      7,
      [
        1
      ]
    ],
    "-679901261": [
      11,
      [
        9,
        6,
        11
      ]
    ],
    "-677156316": [
      12,
      [
        8,
        12
      ]
    ],
    "-674476834": [
      7,
      [
        3,
        1
      ]
    ],
    "-666374445": [
      10,
      [
        6,
        7,
        10
      ]
    ],
    "-664498333": [
      12,
      [
        5,
        8,
        12
      ]
    ],
    "-657254965": [
      11,
      [
        9,
        11
      ]
    ],
    "-655820732": [
      12,
      [
        6,
        8,
        12
      ]
    ],
    "-645413593": [
      10,
      [
        10,
        6,
        5
      ]
    ],
    "-636247188": [
      12,
      [
        12,
        5,
        8
      ]
    ],
    "-633488585": [
      4,
      [
        1,
        2
      ]
    ],
    "-624106191": [
      11,
      [
        6,
        7,
        11
      ]
    ],
    "-618364592": [
      8,
      [
        4
      ]
    ],
    "-616232565": [
      10,
      [
        9,
        6,
        10
      ]
    ],
    "-616124852": [
      11,
      [
        6,
        9,
        11
      ]
    ],
    "-608201404": [
      12,
      [
        6,
        5,
        12
      ]
    ],
    "-605610742": [
      11,
      [
        11,
        9
      ]
    ],
    "-603732489": [
      7,
      [
        1
      ]
    ],
    "-597294715": [
      0,
      []
    ],
    "-597000564": [
      9,
      [
        7
      ]
    ],
    "-595144843": [
      11,
      [
        8,
        11
      ]
    ],
    "-593973466": [
      9,
      [
        5,
        6
      ]
    ],
    "-593352549": [
      10,
      [
        6,
        9,
        10
      ]
    ],
    "-591725474": [
      9,
      [
        6,
        5
      ]
    ],
    "-577667719": [
      10,
      [
        6,
        5,
        10
      ]
    ],
    "-575259274": [
      9,
      [
        6,
        9
      ]
    ],
    "-574631559": [
      12,
      [
        9,
        12
      ]
    ],
    "-560158371": [
      11,
      [
        9,
        11
      ]
    ],
    "-556265547": [
      9,
      [
        7
      ]
    ],
    "-554379240": [
      11,
      [
        6,
        5,
        11
      ]
    ],
    "-553931328": [
      9,
      [
        8,
        6
      ]
    ],
    "-553726338": [
      13,
      [
        13
      ]
    ],
    "-549351025": [
      12,
      [
        12,
        9,
        7
      ]
    ],
    "-545344776": [
      9,
      [
        6,
        8
      ]
    ],
    "-542515542": [
      12,
      [
        6,
        12,
        5
      ]
    ],
    "-541602487": [
      0,
      []
    ],
    "-540026577": [
      1,
      []
    ],
    "-535968614": [
      11,
      [
        6,
        8,
        11
      ]
    ],
    "-531449462": [
      11,
      [
        8,
        11
      ]
    ],
    "-526316685": [
      10,
      [
        6,
        8,
        10
      ]
    ],
    "-524609394": [
      10,
      [
        10,
        6,
        5
      ]
    ],
    "-523561499": [
      9,
      [
        6,
        9
      ]
    ],
    "-522970198": [
      9,
      [
        6,
        8
      ]
    ],
    "-521825254": [
      10,
      [
        6,
        5,
        10
      ]
    ],
    "-519747243": [
      2,
      [
        0
      ]
    ],
    "-516547401": [
      11,
      [
        9,
        7,
        11,
        6
      ]
    ],
    "-515508424": [
      12,
      [
        6,
        9,
        12
      ]
    ],
    "-513510582": [
      12,
      [
        6,
        8,
        12
      ]
    ],
    "-512551900": [
      12,
      [
        9,
        12
      ]
    ],
    "-512432488": [
      12,
      [
        5,
        6,
        12
      ]
    ],
    "-510405826": [
      10,
      [
        8,
        10
      ]
    ],
    "-506606618": [
      0,
      []
    ],
    "-505237752": [
      11,
      [
        9,
        11
      ]
    ],
    "-503972760": [
      11,
      [
        6,
        8,
        11
      ]
    ],
    "-499792454": [
      0,
      []
    ],
    "-497529040": [
      2,
      [
        0
      ]
    ],
    "-494919013": [
      0,
      []
    ],
    "-483334763": [
      12,
      [
        5,
        6,
        12
      ]
    ],
    "-483267065": [
      12,
      [
        5,
        8,
        12
      ]
    ],
    "-481381634": [
      2,
      [
        0
      ]
    ],
    "-478263361": [
      11,
      [
        9,
        6,
        11
      ]
    ],
    "-477101040": [
      9,
      [
        6,
        5
      ]
    ],
    "-476050612": [
      10,
      [
        6,
        9,
        10
      ]
    ],
    "-474138363": [
      12,
      [
        12,
        6,
        8
      ]
    ],
    "-470674769": [
      11,
      [
        11,
        7,
        9
      ]
    ],
    "-468418090": [
      11,
      [
        6,
        5,
        11
      ]
    ],
    "-461852810": [
      9,
      [
        6,
        9
      ]
    ],
    "-460621784": [
      12,
      [
        12,
        9,
        7
      ]
    ],
    "-454923156": [
      11,
      [
        7,
        6,
        11
      ]
    ],
    "-451009499": [
      11,
      [
        11,
        6,
        5
      ]
    ],
    "-450948271": [
      10,
      [
        10,
        9
      ]
    ],
    "-448172531": [
      12,
      [
        12,
        5
      ]
    ],
    "-445773294": [
      12,
      [
        9,
        12
      ]
    ],
    "-440205774": [
      12,
      [
        12,
        8,
        6
      ]
    ],
    "-439188221": [
      10,
      [
        7,
        10
      ]
    ],
    "-437843418": [
      12,
      [
        12,
        12,
        5
      ]
    ],
    "-437665101": [
      12,
      [
        6,
        5,
        12
      ]
    ],
    "-434928397": [
      10,
      [
        10,
        9,
        6
      ]
    ],
    "-431559090": [
      12,
      [
        6,
        8,
        12
      ]
    ],
    "-423960365": [
      11,
      [
        7,
        6,
        11
      ]
    ],
    "-421827833": [
      12,
      [
        12,
        6,
        5
      ]
    ],
    "-419153640": [
      7,
      [
        3,
        1
      ]
    ],
    "-410969585": [
      10,
      [
        10,
        8
      ]
    ],
    "-404728631": [
      2,
      [
        0
      ]
    ],
    "-403108061": [
      12,
      [
        6,
        12,
        7
      ]
    ],
    "-395444393": [
      12,
      [
        6,
        9,
        12
      ]
    ],
    "-394634219": [
      12,
      [
        6,
        12,
        7
      ]
    ],
    "-391714703": [
      12,
      [
        6,
        9,
        12
      ]
    ],
    "-385411146": [
      11,
      [
        6,
        11,
        7
      ]
    ],
    "-380221442": [
      12,
      [
        9,
        12
      ]
    ],
    "-377702702": [
      11,
      [
        9,
        6,
        11
      ]
    ],
    "-376756157": [
      12,
      [
        9,
        12,
        7
      ]
    ],
    "-373502235": [
      11,
      [
        11,
        7,
        9
      ]
    ],
    "-372315782": [
      11,
      [
        8,
        11
      ]
    ],
    "-365554935": [
      12,
      [
        12,
        9
      ]
    ],
    "-365543928": [
      12,
      [
        12,
        6,
        8
      ]
    ],
    "-365183153": [
      12,
      [
        12,
        5
      ]
    ],
    "-363810077": [
      10,
      [
        6,
        10,
        7
      ]
    ],
    "-362329843": [
      9,
      [
        8,
        6
      ]
    ],
    "-360697538": [
      10,
      [
        6,
        10,
        5
      ]
    ],
    "-355082139": [
      1,
      []
    ],
    "-349130033": [
      12,
      [
        12,
        6,
        8
      ]
    ],
    "-347610713": [
      11,
      [
        8,
        6,
        11
      ]
    ],
    "-345145183": [
      11,
      [
        9,
        11
      ]
    ],
    "-342330151": [
      11,
      [
        6,
        5,
        11
      ]
    ],
    "-341693774": [
      2,
      [
        0
      ]
    ],
    "-332112417": [
      11,
      [
        11,
        6,
        9
      ]
    ],
    "-331364990": [
      10,
      [
        7,
        6,
        10
      ]
    ],
    "-331291079": [
      10,
      [
        10,
        6,
        9
      ]
    ],
    "-327744108": [
      10,
      [
        9,
        6,
        10
      ]
    ],
    "-324852196": [
      11,
      [
        6,
        5,
        11
      ]
    ],
    "-324120870": [
      10,
      [
        9,
        6,
        10
      ]
    ],
    "-322626092": [
      11,
      [
        9,
        11
      ]
    ],
    "-316628711": [
      9,
      [
        6,
        5
      ]
    ],
    "-311858709": [
      9,
      [
        6,
        9
      ]
    ],
    "-309626596": [
      10,
      [
        6,
        10,
        9
      ]
    ],
    "-303546367": [
      13,
      [
        13
      ]
    ],
    "-301629214": [
      9,
      [
        8,
        6
      ]
    ],
    "-287512600": [
      10,
      [
        6,
        8,
        10
      ]
    ],
    "-285654185": [
      10,
      [
        10,
        5
      ]
    ],
    "-283156589": [
      9,
      [
        7
      ]
    ],
    "-274746615": [
      10,
      [
        6,
        10
      ]
    ],
    "-273779787": [
      12,
      [
        9,
        12
      ]
    ],
    "-273497145": [
      11,
      [
        9,
        6,
        11
      ]
    ],
    "-272626388": [
      10,
      [
        6,
        5,
        10
      ]
    ],
    "-268509722": [
      1,
      []
    ],
    "-264998147": [
      9,
      [
        7
      ]
    ],
    "-261043332": [
      11,
      [
        6,
        9,
        11
      ]
    ],
    "-255813656": [
      12,
      [
        12,
        6,
        9
      ]
    ],
    "-241358135": [
      10,
      [
        6,
        7,
        10
      ]
    ],
    "-241140960": [
      11,
      [
        7,
        9,
        11
      ]
    ],
    "-240709690": [
      9,
      [
        9
      ]
    ],
    "-239967935": [
      1,
      []
    ],
    "-230183020": [
      12,
      [
        6,
        12,
        7
      ]
    ],
    "-229388890": [
      1,
      []
    ],
    "-227497370": [
      11,
      [
        8,
        11
      ]
    ],
    "-209062029": [
      8,
      [
        4
      ]
    ],
    "-206791063": [
      12,
      [
        6,
        7,
        12
      ]
    ],
    "-195531910": [
      11,
      [
        8,
        6,
        11
      ]
    ],
    "-184305021": [
      2,
      [
        0
      ]
    ],
    "-183061225": [
      11,
      [
        6,
        11,
        8
      ]
    ],
    "-182223228": [
      0,
      []
    ],
    "-181469615": [
      7,
      [
        3,
        1
      ]
    ],
    "-181275086": [
      9,
      [
        6,
        9
      ]
    ],
    "-178118790": [
      12,
      [
        7,
        9,
        12
      ]
    ],
    "-172173527": [
      11,
      [
        6,
        8,
        11
      ]
    ],
    "-171046064": [
      12,
      [
        9,
        12
      ]
    ],
    "-170684560": [
      11,
      [
        6,
        5,
        11
      ]
    ],
    "-168013121": [
      10,
      [
        10,
        9,
        6
      ]
    ],
    "-166238054": [
      6,
      [
        1,
        2
      ]
    ],
    "-164468515": [
      10,
      [
        7,
        10
      ]
    ],
    "-149450919": [
      9,
      [
        6,
        9
      ]
    ],
    "-145957402": [
      12,
      [
        9,
        7,
        12
      ]
    ],
    "-144748753": [
      11,
      [
        9,
        6,
        11
      ]
    ],
    "-138127084": [
      10,
      [
        6,
        7,
        10
      ]
    ],
    "-137648273": [
      10,
      [
        10,
        7
      ]
    ],
    "-133690658": [
      12,
      [
        9,
        12
      ]
    ],
    "-123408207": [
      10,
      [
        6,
        9,
        10
      ]
    ],
    "-123124312": [
      9,
      [
        5,
        6
      ]
    ],
    "-113144574": [
      9,
      [
        9
      ]
    ],
    "-109537004": [
      9,
      [
        9,
        6
      ]
    ],
    "-108451937": [
      13,
      [
        13
      ]
    ],
    "-108011143": [
      11,
      [
        6,
        7,
        11
      ]
    ],
    "-102144816": [
      11,
      [
        9,
        6,
        11
      ]
    ],
    "-92511700": [
      1,
      []
    ],
    "-91675424": [
      10,
      [
        10,
        8,
        6
      ]
    ],
    "-82047197": [
      11,
      [
        11,
        7
      ]
    ],
    "-76203066": [
      0,
      []
    ],
    "-75144614": [
      12,
      [
        9,
        12,
        6
      ]
    ],
    "-71969494": [
      12,
      [
        8,
        6,
        12
      ]
    ],
    "-66968693": [
      8,
      [
        4
      ]
    ],
    "-65430833": [
      6,
      [
        1,
        2
      ]
    ],
    "-61414772": [
      11,
      [
        11,
        9,
        6
      ]
    ],
    "-59610025": [
      11,
      [
        11,
        8
      ]
    ],
    "-58610535": [
      12,
      [
        12,
        6,
        7
      ]
    ],
    "-52860176": [
      10,
      [
        10
      ]
    ],
    "-52117734": [
      11,
      [
        11,
        7,
        9
      ]
    ],
    "-51883885": [
      10,
      [
        5,
        6,
        10
      ]
    ],
    "-46771204": [
      9,
      [
        5
      ]
    ],
    "-44023110": [
      13,
      [
        13
      ]
    ],
    "-43711649": [
      11,
      [
        11,
        5
      ]
    ],
    "-43641940": [
      12,
      [
        6,
        9,
        12
      ]
    ],
    "-42664035": [
      10,
      [
        6,
        8,
        10
      ]
    ],
    "-37126492": [
      11,
      [
        11,
        8
      ]
    ],
    "-35108573": [
      11,
      [
        11,
        6,
        7
      ]
    ],
    "-31572278": [
      5,
      [
        1,
        2
      ]
    ],
    "-30462360": [
      11,
      [
        6,
        9,
        11
      ]
    ],
    "-28641304": [
      10,
      [
        6,
        10,
        7
      ]
    ],
    "-21233086": [
      4,
      [
        1,
        2
      ]
    ],
    "-19437939": [
      10,
      [
        9,
        10
      ]
    ],
    "-15192859": [
      6,
      [
        1,
        2
      ]
    ],
    "-13426898": [
      12,
      [
        6,
        8,
        12
      ]
    ],
    "-13174652": [
      10,
      [
        10,
        6,
        9
      ]
    ],
    "-11650769": [
      11,
      [
        6,
        9,
        11
      ]
    ],
    "555811": [
      10,
      [
        9,
        10
      ]
    ],
    "703373": [
      12,
      [
        6,
        9,
        12
      ]
    ],
    "6202834": [
      12,
      [
        6,
        9,
        12
      ]
    ],
    "7230216": [
      6,
      [
        1,
        2
      ]
    ],
    "7491176": [
      11,
      [
        6,
        7,
        11
      ]
    ],
    "14288241": [
      12,
      [
        12,
        6,
        5
      ]
    ],
    "14330357": [
      10,
      [
        9,
        10
      ]
    ],
    "20809410": [
      12,
      [
        8,
        12
      ]
    ],
    "24558716": [
      5,
      [
        1,
        2
      ]
    ],
    "28683569": [
      12,
      [
        9,
        12
      ]
    ],
    "29235294": [
      11,
      [
        6,
        11,
        8
      ]
    ],
    "31993672": [
      11,
      [
        8,
        11
      ]
    ],
    "34113641": [
      9,
      [
        6,
        9
      ]
    ],
    "41611995": [
      12,
      [
        8,
        6,
        12
      ]
    ],
    "42015669": [
      10,
      [
        6,
        7,
        10
      ]
    ],
    "42954467": [
      12,
      [
        8,
        6,
        12
      ]
    ],
    "49416965": [
      11,
      [
        6,
        11,
        8
      ]
    ],
    "56912215": [
      9,
      [
        6,
        9
      ]
    ],
    "70284232": [
      9,
      [
        9
      ]
    ],
    "73904334": [
      9,
      [
        5
      ]
    ],
    "76298676": [
      13,
      [
        13
      ]
    ],
    "77522551": [
      10,
      [
        7,
        10
      ]
    ],
    "78234522": [
      11,
      [
        7,
        6,
        11
      ]
    ],
    "81760753": [
      12,
      [
        12,
        7,
        6
      ]
    ],
    "83640404": [
      11,
      [
        6,
        9,
        11
      ]
    ],
    "84046876": [
      9,
      [
        7,
        6
      ]
    ],
    "84257417": [
      9,
      [
        5
      ]
    ],
    "85759669": [
      10,
      [
        6,
        10,
        9
      ]
    ],
    "86385948": [
      9,
      [
        7
      ]
    ],
    "90076151": [
      11,
      [
        11,
        8
      ]
    ],
    "92808092": [
      9,
      [
        6,
        5
      ]
    ],
    "96193764": [
      12,
      [
        12,
        9
      ]
    ],
    "98250667": [
      6,
      [
        1,
        2
      ]
    ],
    "101102310": [
      10,
      [
        9,
        6,
        10
      ]
    ],
    "104880998": [
      6,
      [
        1,
        2
      ]
    ],
    "108876451": [
      10,
      [
        8,
        10
      ]
    ],
    "109589196": [
      10,
      [
        6,
        8,
        10
      ]
    ],
    "110480310": [
      11,
      [
        7,
        6,
        11
      ]
    ],
    "110717536": [
      10,
      [
        10,
        6,
        5
      ]
    ],
    "110767656": [
      10,
      [
        6,
        7,
        10
      ]
    ],
    "114467358": [
      10,
      [
        6,
        8,
        10
      ]
    ],
    "115017067": [
      9,
      [
        8,
        6
      ]
    ],
    "126986228": [
      11,
      [
        11,
        9
      ]
    ],
    "128505148": [
      12,
      []
    ],
    "133150263": [
      2,
      [
        0
      ]
    ],
    "135128045": [
      10,
      [
        10,
        6,
        5
      ]
    ],
    "135162689": [
      0,
      []
    ],
    "139816033": [
      11,
      [
        6,
        7,
        11
      ]
    ],
    "141428696": [
      9,
      []
    ],
    "142682046": [
      12,
      [
        12,
        7,
        6
      ]
    ],
    "145355256": [
      11,
      [
        11,
        9
      ]
    ],
    "145583770": [
      9,
      [
        5
      ]
    ],
    "150609595": [
      11,
      [
        9,
        6,
        11
      ]
    ],
    "150769499": [
      2,
      [
        0
      ]
    ],
    "159010906": [
      0,
      []
    ],
    "162699784": [
      10,
      [
        6,
        9,
        10
      ]
    ],
    "168095914": [
      11,
      [
        11,
        6,
        7
      ]
    ],
    "169033848": [
      10,
      [
        9,
        10
      ]
    ],
    "170404668": [
      10,
      [
        10,
        9
      ]
    ],
    "172673849": [
      12,
      [
        6,
        7,
        12
      ]
    ],
    "181030137": [
      10,
      [
        10
      ]
    ],
    "182244064": [
      10,
      [
        6,
        7,
        10
      ]
    ],
    "183414665": [
      9,
      [
        6,
        7
      ]
    ],
    "185190471": [
      10,
      [
        9,
        10
      ]
    ],
    "186390297": [
      10,
      [
        9,
        6,
        10
      ]
    ],
    "188134365": [
      11,
      [
        6,
        9,
        11
      ]
    ],
    "193026021": [
      12,
      [
        9,
        6,
        12
      ]
    ],
    "194123223": [
      8,
      [
        4
      ]
    ],
    "197212714": [
      12,
      [
        8,
        6,
        12
      ]
    ],
    "198613458": [
      1,
      []
    ],
    "199923028": [
      5,
      [
        1,
        2
      ]
    ],
    "204696284": [
      3,
      [
        1,
        2
      ]
    ],
    "204912502": [
      12,
      [
        9,
        7,
        12
      ]
    ],
    "206849797": [
      11,
      [
        11,
        8
      ]
    ],
    "208230742": [
      12,
      [
        9,
        6,
        12
      ]
    ],
    "217607449": [
      12,
      [
        9,
        12
      ]
    ],
    "220847950": [
      9,
      [
        7
      ]
    ],
    "221302386": [
      11,
      [
        11,
        7,
        6
      ]
    ],
    "223928497": [
      11,
      [
        11,
        7,
        9
      ]
    ],
    "225992441": [
      11,
      [
        9,
        11
      ]
    ],
    "228187325": [
      11,
      [
        9,
        11
      ]
    ],
    "228466922": [
      10,
      [
        6,
        10,
        8
      ]
    ],
    "228785430": [
      12,
      [
        9,
        12
      ]
    ],
    "229106838": [
      10,
      [
        6,
        5,
        10
      ]
    ],
    "232669415": [
      10,
      [
        6,
        9,
        10
      ]
    ],
    "233287647": [
      1,
      []
    ],
    "235949828": [
      12,
      [
        12,
        6,
        5
      ]
    ],
    "237786310": [
      9,
      [
        5
      ]
    ],
    "248096129": [
      9,
      [
        6,
        9
      ]
    ],
    "254979628": [
      11,
      [
        7,
        6,
        11
      ]
    ],
    "258736827": [
      11,
      [
        11,
        8,
        6
      ]
    ],
    "263285931": [
      11,
      [
        6,
        9,
        11
      ]
    ],
    "263977268": [
      12,
      [
        12,
        8
      ]
    ],
    "265909089": [
      9,
      [
        6,
        8
      ]
    ],
    "266026199": [
      9,
      [
        9
      ]
    ],
    "271747285": [
      10,
      [
        5,
        10
      ]
    ],
    "272902458": [
      11,
      [
        5,
        11
      ]
    ],
    "273327590": [
      9,
      [
        7
      ]
    ],
    "277583958": [
      0,
      []
    ],
    "277991808": [
      6,
      [
        1,
        2
      ]
    ],
    "287947937": [
      12,
      [
        6,
        8,
        12
      ]
    ],
    "290279932": [
      12,
      [
        12,
        6,
        5
      ]
    ],
    "292109163": [
      10,
      [
        6,
        9,
        10
      ]
    ],
    "293637594": [
      0,
      []
    ],
    "303251197": [
      10,
      [
        6,
        9,
        10
      ]
    ],
    "303455088": [
      9,
      [
        7
      ]
    ],
    "304400021": [
      12,
      [
        6,
        12,
        9
      ]
    ],
    "305614618": [
      11,
      [
        11,
        9
      ]
    ],
    "309341518": [
      10,
      [
        6,
        5,
        10
      ]
    ],
    "309644398": [
      11,
      [
        5,
        11
      ]
    ],
    "310884013": [
      10,
      [
        6,
        5,
        10
      ]
    ],
    "317202939": [
      11,
      [
        6,
        5,
        11
      ]
    ],
    "318932241": [
      12,
      [
        6,
        12,
        5
      ]
    ],
    "319132113": [
      11,
      [
        5,
        11
      ]
    ],
    "324177695": [
      11,
      [
        11,
        9,
        7
      ]
    ],
    "327311924": [
      7,
      [
        1
      ]
    ],
    "327958260": [
      12,
      [
        5,
        8,
        12
      ]
    ],
    "333390395": [
      10,
      [
        10
      ]
    ],
    "342474163": [
      10,
      [
        6,
        9,
        10
      ]
    ],
    "343527236": [
      12,
      [
        12,
        5
      ]
    ],
    "350322966": [
      12,
      [
        12,
        6,
        8
      ]
    ],
    "355465427": [
      11,
      [
        8,
        11
      ]
    ],
    "355876343": [
      6,
      [
        1,
        2
      ]
    ],
    "362330197": [
      10,
      [
        6,
        7,
        10
      ]
    ],
    "362422492": [
      11,
      [
        5,
        11
      ]
    ],
    "362625540": [
      11,
      [
        8,
        6,
        11
      ]
    ],
    "363996292": [
      0,
      []
    ],
    "368870569": [
      2,
      [
        0
      ]
    ],
    "370325202": [
      9,
      [
        9
      ]
    ],
    "370366758": [
      0,
      []
    ],
    "378552455": [
      11,
      [
        11,
        8
      ]
    ],
    "378581095": [
      0,
      []
    ],
    "380463619": [
      10,
      [
        6,
        9,
        10
      ]
    ],
    "380842083": [
      0,
      []
    ],
    "380937431": [
      11,
      [
        11,
        9
      ]
    ],
    "385393508": [
      11,
      [
        6,
        5,
        11
      ]
    ],
    "386112293": [
      12,
      [
        7,
        6,
        12
      ]
    ],
    "387972474": [
      12,
      [
        6,
        12,
        8
      ]
    ],
    "393255281": [
      10,
      [
        8,
        10
      ]
    ],
    "393945774": [
      7,
      [
        1
      ]
    ],
    "397865062": [
      11,
      [
        6,
        8,
        11
      ]
    ],
    "402937014": [
      12,
      [
        6,
        7,
        12
      ]
    ],
    "403093448": [
      12,
      [
        6,
        8,
        12
      ]
    ],
    "403484029": [
      11,
      [
        6,
        7,
        11
      ]
    ],
    "404084074": [
      1,
      []
    ],
    "407480062": [
      11,
      [
        6,
        7,
        11
      ]
    ],
    "409213867": [
      12,
      [
        6,
        12,
        5,
        8
      ]
    ],
    "410348915": [
      9,
      [
        7,
        6
      ]
    ],
    "411295420": [
      9,
      [
        9
      ]
    ],
    "415008615": [
      12,
      [
        8,
        12,
        6
      ]
    ],
    "415943227": [
      12,
      [
        12,
        9
      ]
    ],
    "418694030": [
      11,
      [
        6,
        11,
        7
      ]
    ],
    "419173155": [
      3,
      [
        1,
        2
      ]
    ],
    "419195309": [
      10,
      [
        10,
        7
      ]
    ],
    "429563331": [
      9,
      [
        6,
        5
      ]
    ],
    "435408147": [
      11,
      [
        5,
        11
      ]
    ],
    "443842908": [
      0,
      []
    ],
    "449399976": [
      12,
      [
        12,
        8,
        6
      ]
    ],
    "452794269": [
      11,
      [
        5,
        6,
        11
      ]
    ],
    "454784358": [
      6,
      [
        2,
        1
      ]
    ],
    "455803797": [
      10,
      [
        6,
        10,
        8
      ]
    ],
    "458771533": [
      3,
      [
        1,
        2
      ]
    ],
    "458867764": [
      11,
      [
        6,
        11,
        9
      ]
    ],
    "464793056": [
      10,
      [
        10,
        9
      ]
    ],
    "465048360": [
      12,
      [
        6,
        7,
        12
      ]
    ],
    "472681574": [
      11,
      [
        8,
        6,
        11
      ]
    ],
    "472978897": [
      11,
      [
        7,
        11
      ]
    ],
    "475089941": [
      10,
      [
        7,
        10
      ]
    ],
    "477384679": [
      6,
      [
        1,
        2
      ]
    ],
    "479871957": [
      2,
      [
        0
      ]
    ],
    "483687649": [
      10,
      [
        10,
        6,
        9
      ]
    ],
    "485366058": [
      11,
      [
        11,
        5
      ]
    ],
    "487166605": [
      1,
      []
    ],
    "488435951": [
      11,
      [
        7,
        11
      ]
    ],
    "492744065": [
      8,
      [
        4
      ]
    ],
    "494050554": [
      10,
      [
        9,
        10
      ]
    ],
    "494179204": [
      11,
      [
        6,
        11,
        9
      ]
    ],
    "500916767": [
      10,
      [
        6,
        10,
        7
      ]
    ],
    "502116861": [
      11,
      [
        7,
        6,
        11
      ]
    ],
    "505201542": [
      12,
      [
        7,
        12
      ]
    ],
    "507233548": [
      9,
      [
        6,
        7
      ]
    ],
    "512626883": [
      11,
      [
        6,
        8,
        11
      ]
    ],
    "519329209": [
      12,
      [
        12,
        5,
        6
      ]
    ],
    "521469541": [
      0,
      []
    ],
    "525016021": [
      11,
      [
        11,
        9
      ]
    ],
    "534107604": [
      3,
      [
        1,
        2
      ]
    ],
    "536243792": [
      11,
      [
        6,
        9,
        11
      ]
    ],
    "545944578": [
      9,
      [
        9
      ]
    ],
    "548881208": [
      9,
      [
        9
      ]
    ],
    "553009401": [
      11,
      [
        7,
        11
      ]
    ],
    "554344276": [
      5,
      [
        1,
        2
      ]
    ],
    "554918906": [
      11,
      [
        6,
        7,
        11
      ]
    ],
    "557403703": [
      10,
      [
        9,
        10,
        10
      ]
    ],
    "569178328": [
      12,
      [
        8,
        6,
        12
      ]
    ],
    "571971002": [
      11,
      [
        11,
        7
      ]
    ],
    "576313119": [
      0,
      []
    ],
    "576650946": [
      2,
      [
        0
      ]
    ],
    "579382461": [
      10,
      [
        10
      ]
    ],
    "580592441": [
      11,
      [
        6,
        8,
        11
      ]
    ],
    "580664637": [
      9,
      [
        7
      ]
    ],
    "580927636": [
      9,
      [
        6,
        7
      ]
    ],
    "583780291": [
      10,
      [
        6,
        7,
        10
      ]
    ],
    "583825337": [
      12,
      [
        6,
        12,
        9
      ]
    ],
    "591115660": [
      9,
      [
        5
      ]
    ],
    "591838468": [
      3,
      [
        1,
        2
      ]
    ],
    "594829996": [
      12,
      [
        12,
        6,
        7
      ]
    ],
    "595338048": [
      12,
      [
        7,
        6,
        12
      ]
    ],
    "596036127": [
      11,
      [
        11,
        8
      ]
    ],
    "596260238": [
      1,
      []
    ],
    "598278615": [
      9,
      [
        6,
        8
      ]
    ],
    "600232813": [
      9,
      [
        9
      ]
    ],
    "611464506": [
      11,
      [
        11,
        7,
        9
      ]
    ],
    "616863040": [
      4,
      [
        1,
        2
      ]
    ],
    "625697176": [
      12,
      [
        6,
        12,
        8
      ]
    ],
    "626346309": [
      8,
      [
        4
      ]
    ],
    "628208241": [
      9,
      [
        6,
        5
      ]
    ],
    "633930996": [
      2,
      [
        0
      ]
    ],
    "640044363": [
      12,
      [
        6,
        8,
        12
      ]
    ],
    "640836505": [
      12,
      [
        12,
        6,
        7
      ]
    ],
    "647270634": [
      12,
      [
        12,
        5,
        8
      ]
    ],
    "649782089": [
      12,
      [
        6,
        7,
        12
      ]
    ],
    "649786178": [
      9,
      [
        5
      ]
    ],
    "652717110": [
      9,
      [
        6,
        5
      ]
    ],
    "654703597": [
      10,
      [
        6,
        7,
        10
      ]
    ],
    "662422338": [
      10,
      [
        10,
        6,
        9
      ]
    ],
    "664294856": [
      11,
      [
        7,
        11
      ]
    ],
    "665684477": [
      12,
      [
        6,
        9,
        12
      ]
    ],
    "669843056": [
      1,
      []
    ],
    "680698588": [
      9,
      [
        6,
        8
      ]
    ],
    "691049648": [
      11,
      [
        11,
        9
      ]
    ],
    "693379196": [
      12,
      [
        6,
        12,
        7
      ]
    ],
    "701685650": [
      2,
      [
        0
      ]
    ],
    "708264708": [
      11,
      [
        11,
        6,
        7
      ]
    ],
    "708504433": [
      12,
      [
        9,
        6,
        12
      ]
    ],
    "711976672": [
      4,
      [
        1,
        2
      ]
    ],
    "720030672": [
      10,
      [
        10
      ]
    ],
    "721443952": [
      9,
      [
        6,
        7
      ]
    ],
    "722502760": [
      0,
      []
    ],
    "725687076": [
      11,
      [
        6,
        8,
        11
      ]
    ],
    "727537537": [
      10,
      [
        9,
        6,
        10
      ]
    ],
    "728038164": [
      12,
      [
        6,
        5,
        12,
        6
      ]
    ],
    "728295084": [
      11,
      [
        6,
        7,
        11
      ]
    ],
    "729848466": [
      9,
      [
        6,
        9
      ]
    ],
    "734914929": [
      12,
      [
        8,
        12,
        6
      ]
    ],
    "741441679": [
      12,
      [
        6,
        12,
        9
      ]
    ],
    "744902556": [
      12,
      [
        8,
        12
      ]
    ],
    "747382864": [
      11,
      [
        6,
        9,
        11
      ]
    ],
    "748335534": [
      11,
      [
        11,
        7
      ]
    ],
    "752706412": [
      12,
      [
        12,
        5,
        6
      ]
    ],
    "757607899": [
      10,
      [
        10,
        6,
        9
      ]
    ],
    "757810419": [
      10,
      [
        10,
        7
      ]
    ],
    "758475368": [
      12,
      [
        6,
        8,
        12
      ]
    ],
    "760664322": [
      7,
      [
        3,
        1
      ]
    ],
    "768055522": [
      8,
      [
        4
      ]
    ],
    "777591042": [
      9,
      [
        6,
        7
      ]
    ],
    "777778100": [
      9,
      [
        6,
        7
      ]
    ],
    "783819567": [
      10,
      [
        7,
        10
      ]
    ],
    "789267925": [
      11,
      [
        6,
        7,
        11
      ]
    ],
    "789369736": [
      11,
      [
        6,
        7,
        11
      ]
    ],
    "789400072": [
      0,
      []
    ],
    "789889024": [
      1,
      []
    ],
    "790757461": [
      12,
      [
        12,
        9,
        6
      ]
    ],
    "791157867": [
      10,
      [
        10,
        5
      ]
    ],
    "795675405": [
      10,
      [
        8,
        6,
        10
      ]
    ],
    "799057076": [
      0,
      []
    ],
    "800539461": [
      10,
      [
        10,
        9
      ]
    ],
    "810611241": [
      10,
      [
        6,
        9,
        10
      ]
    ],
    "811397424": [
      10,
      [
        10,
        9
      ]
    ],
    "813264729": [
      4,
      [
        1,
        2
      ]
    ],
    "814177729": [
      10,
      [
        10
      ]
    ],
    "820331115": [
      11,
      [
        6,
        11,
        7
      ]
    ],
    "823147111": [
      9,
      [
        9
      ]
    ],
    "832708906": [
      9,
      [
        5
      ]
    ],
    "833660084": [
      11,
      [
        6,
        11,
        5
      ]
    ],
    "837355965": [
      3,
      [
        1,
        2
      ]
    ],
    "838351122": [
      12,
      [
        6,
        12,
        5,
        8
      ]
    ],
    "838902508": [
      8,
      [
        4
      ]
    ],
    "839059115": [
      12,
      [
        6,
        12,
        5
      ]
    ],
    "841297178": [
      9,
      [
        9,
        6
      ]
    ],
    "848191173": [
      10,
      [
        6,
        7,
        10
      ]
    ],
    "850054179": [
      4,
      [
        1,
        2
      ]
    ],
    "851105273": [
      12,
      [
        6,
        9,
        12
      ]
    ],
    "856646088": [
      12,
      [
        6,
        8,
        12
      ]
    ],
    "859295890": [
      12,
      [
        7,
        6,
        12
      ]
    ],
    "868018644": [
      10,
      [
        10
      ]
    ],
    "869779523": [
      11,
      [
        6,
        7,
        11
      ]
    ],
    "876251295": [
      10,
      [
        6,
        10,
        9
      ]
    ],
    "876308941": [
      9,
      [
        9,
        6
      ]
    ],
    "886437184": [
      7,
      [
        1
      ]
    ],
    "892320744": [
      10,
      [
        6,
        8,
        10
      ]
    ],
    "898571424": [
      1,
      []
    ],
    "902402617": [
      10,
      [
        6,
        10,
        9
      ]
    ],
    "908329724": [
      12,
      [
        7,
        6,
        12
      ]
    ],
    "910100825": [
      12,
      [
        6,
        12,
        5
      ]
    ],
    "916835681": [
      9,
      [
        7,
        6
      ]
    ],
    "920067118": [
      11,
      [
        5,
        11
      ]
    ],
    "921769890": [
      11,
      [
        6,
        11,
        7
      ]
    ],
    "924931258": [
      11,
      [
        7,
        11
      ]
    ],
    "925028996": [
      11,
      [
        7,
        6,
        11
      ]
    ],
    "925660425": [
      10,
      [
        9,
        6,
        10
      ]
    ],
    "925726928": [
      11,
      [
        7,
        11
      ]
    ],
    "926638460": [
      11,
      [
        9,
        7,
        11
      ]
    ],
    "926781305": [
      2,
      [
        0
      ]
    ],
    "930088885": [
      12,
      [
        6,
        12,
        7
      ]
    ],
    "935394352": [
      11,
      [
        6,
        11,
        9
      ]
    ],
    "940539891": [
      9,
      [
        6,
        9
      ]
    ],
    "944255391": [
      10,
      [
        8,
        10
      ]
    ],
    "946600107": [
      4,
      [
        1,
        2
      ]
    ],
    "948655404": [
      11,
      [
        11,
        9,
        7
      ]
    ],
    "954054889": [
      2,
      [
        0
      ]
    ],
    "958475250": [
      10,
      [
        6,
        5,
        10
      ]
    ],
    "963718547": [
      7,
      [
        1
      ]
    ],
    "965409163": [
      10,
      [
        9,
        10
      ]
    ],
    "966026144": [
      11,
      [
        7,
        11
      ]
    ],
    "972969961": [
      12,
      [
        12,
        6,
        5
      ]
    ],
    "979951411": [
      11,
      [
        11,
        5
      ]
    ],
    "984136802": [
      9,
      [
        9
      ]
    ],
    "987388436": [
      10,
      [
        10,
        7
      ]
    ],
    "990416082": [
      4,
      [
        1,
        2
      ]
    ],
    "991582101": [
      8,
      [
        4
      ]
    ],
    "994851588": [
      12,
      [
        9,
        6,
        12
      ]
    ],
    "1001747436": [
      10,
      [
        10,
        7
      ]
    ],
    "1010063740": [
      10,
      [
        6,
        10,
        5
      ]
    ],
    "1010182736": [
      11,
      [
        11,
        9
      ]
    ],
    "1014184137": [
      11,
      [
        6,
        8,
        11
      ]
    ],
    "1015455579": [
      10,
      [
        9,
        10
      ]
    ],
    "1016584105": [
      10,
      [
        6,
        10
      ]
    ],
    "1017221385": [
      2,
      [
        0
      ]
    ],
    "1018668380": [
      10,
      [
        6,
        5,
        10
      ]
    ],
    "1027521451": [
      12,
      [
        9,
        12
      ]
    ],
    "1032168970": [
      9,
      [
        9
      ]
    ],
    "1033288789": [
      1,
      []
    ],
    "1043515153": [
      2,
      [
        0
      ]
    ],
    "1048354003": [
      12,
      [
        8,
        6,
        12
      ]
    ],
    "1054623820": [
      9,
      [
        6,
        7
      ]
    ],
    "1058223623": [
      7,
      [
        3,
        1
      ]
    ],
    "1058749766": [
      11,
      [
        6,
        5,
        11
      ]
    ],
    "1062746747": [
      11,
      [
        6,
        7,
        11
      ]
    ],
    "1063220547": [
      12,
      [
        12,
        7,
        9
      ]
    ],
    "1063289480": [
      3,
      [
        1,
        2
      ]
    ],
    "1071103408": [
      11,
      [
        6,
        7,
        11
      ]
    ],
    "1074065518": [
      9,
      [
        7
      ]
    ],
    "1074615101": [
      9,
      [
        5,
        6
      ]
    ],
    "1075419117": [
      12,
      [
        6,
        8,
        12
      ]
    ],
    "1085400836": [
      11,
      [
        6,
        7,
        11
      ]
    ],
    "1088620137": [
      12,
      [
        12,
        5
      ]
    ],
    "1091685818": [
      10,
      [
        6,
        7,
        10
      ]
    ],
    "1110435976": [
      12,
      [
        12,
        6,
        9
      ]
    ],
    "1112714390": [
      7,
      [
        1
      ]
    ],
    "1118285254": [
      13,
      [
        13
      ]
    ],
    "1134332124": [
      10,
      [
        6,
        5,
        10
      ]
    ],
    "1145472437": [
      12,
      [
        7,
        12,
        9
      ]
    ],
    "1160688752": [
      11,
      [
        6,
        7,
        11
      ]
    ],
    "1163221761": [
      12,
      [
        6,
        12,
        9
      ]
    ],
    "1164710338": [
      1,
      []
    ],
    "1166146822": [
      11,
      [
        11,
        7,
        6
      ]
    ],
    "1168314173": [
      11,
      [
        6,
        9,
        11
      ]
    ],
    "1169584401": [
      11,
      [
        8,
        11
      ]
    ],
    "1172492545": [
      10,
      [
        8,
        10
      ]
    ],
    "1177573147": [
      0,
      []
    ],
    "1180949850": [
      9,
      [
        7,
        6
      ]
    ],
    "1182345121": [
      12,
      [
        9,
        12
      ]
    ],
    "1187171213": [
      12,
      [
        7,
        6,
        12
      ]
    ],
    "1196000854": [
      5,
      [
        1,
        2
      ]
    ],
    "1197928747": [
      10,
      [
        9,
        6,
        10
      ]
    ],
    "1198210551": [
      12,
      [
        9,
        12
      ]
    ],
    "1203660283": [
      11,
      [
        9,
        11
      ]
    ],
    "1204333557": [
      9,
      [
        7
      ]
    ],
    "1207180384": [
      11,
      [
        11,
        9,
        7
      ]
    ],
    "1210255015": [
      10,
      [
        10,
        9
      ]
    ],
    "1215051632": [
      12,
      []
    ],
    "1215150975": [
      9,
      [
        9
      ]
    ],
    "1219097948": [
      11,
      [
        9,
        7,
        11
      ]
    ],
    "1221344481": [
      4,
      [
        1,
        2
      ]
    ],
    "1226682904": [
      10,
      [
        10,
        9
      ]
    ],
    "1228020412": [
      11,
      [
        11,
        7,
        9
      ]
    ],
    "1231862909": [
      1,
      []
    ],
    "1236910465": [
      10,
      [
        5,
        10
      ]
    ],
    "1238927309": [
      10,
      [
        10
      ]
    ],
    "1239293424": [
      9,
      [
        9
      ]
    ],
    "1240170327": [
      5,
      [
        1,
        2
      ]
    ],
    "1249868995": [
      10,
      [
        6,
        7,
        10
      ]
    ],
    "1252573087": [
      11,
      [
        11,
        9
      ]
    ],
    "1253830965": [
      12,
      [
        12,
        7,
        9
      ]
    ],
    "1255179306": [
      9,
      [
        8,
        6
      ]
    ],
    "1256209934": [
      10,
      [
        8,
        6,
        10
      ]
    ],
    "1268294775": [
      13,
      [
        13
      ]
    ],
    "1271659256": [
      10,
      [
        8,
        10
      ]
    ],
    "1276428669": [
      11,
      [
        6,
        8,
        11
      ]
    ],
    "1284741661": [
      12,
      [
        12,
        7,
        9
      ]
    ],
    "1292565752": [
      12,
      [
        7,
        6,
        12
      ]
    ],
    "1292624517": [
      10,
      [
        10
      ]
    ],
    "1299187977": [
      10,
      [
        6,
        9,
        10
      ]
    ],
    "1309148276": [
      9,
      [
        6,
        5
      ]
    ],
    "1311948979": [
      11,
      [
        7,
        6,
        11
      ]
    ],
    "1320507083": [
      1,
      []
    ],
    "1323182329": [
      2,
      [
        0
      ]
    ],
    "1326192385": [
      11,
      [
        6,
        5,
        11
      ]
    ],
    "1328270370": [
      12,
      [
        9,
        12
      ]
    ],
    "1329380585": [
      12,
      []
    ],
    "1330010598": [
      10,
      [
        6,
        7,
        10
      ]
    ],
    "1331992719": [
      10,
      [
        10,
        7
      ]
    ],
    "1334161159": [
      12,
      [
        6,
        8,
        12
      ]
    ],
    "1345538084": [
      4,
      [
        1,
        2
      ]
    ],
    "1350231632": [
      9,
      [
        6,
        7
      ]
    ],
    "1356252972": [
      9,
      [
        6,
        9
      ]
    ],
    "1358340908": [
      8,
      [
        4
      ]
    ],
    "1373555122": [
      12,
      [
        9,
        7,
        12
      ]
    ],
    "1383306884": [
      12,
      [
        12,
        9
      ]
    ],
    "1395503709": [
      9,
      [
        6,
        7
      ]
    ],
    "1398455292": [
      0,
      []
    ],
    "1399752077": [
      9,
      [
        5
      ]
    ],
    "1399987059": [
      10,
      [
        9,
        10
      ]
    ],
    "1401201154": [
      10,
      [
        10
      ]
    ],
    "1403303864": [
      12,
      [
        9,
        12
      ]
    ],
    "1404447729": [
      10,
      [
        10
      ]
    ],
    "1408488484": [
      11,
      [
        11,
        7
      ]
    ],
    "1410819773": [
      10,
      [
        7,
        10
      ]
    ],
    "1412917264": [
      2,
      [
        0
      ]
    ],
    "1414660137": [
      11,
      [
        8,
        6,
        11
      ]
    ],
    "1417227910": [
      1,
      []
    ],
    "1418544694": [
      10,
      [
        6,
        7,
        10
      ]
    ],
    "1423237167": [
      11,
      [
        6,
        11,
        8
      ]
    ],
    "1429525532": [
      12,
      [
        5,
        6,
        12
      ]
    ],
    "1431856145": [
      9,
      [
        7,
        6
      ]
    ],
    "1434721336": [
      10,
      [
        10,
        5
      ]
    ],
    "1435172225": [
      11,
      [
        8,
        11
      ]
    ],
    "1438685914": [
      11,
      [
        6,
        5,
        11
      ]
    ],
    "1440656813": [
      10,
      [
        7,
        10
      ]
    ],
    "1441372843": [
      12,
      [
        7,
        12
      ]
    ],
    "1441842684": [
      12,
      [
        6,
        7,
        12
      ]
    ],
    "1449970475": [
      10,
      [
        6,
        10,
        7
      ]
    ],
    "1455007509": [
      12,
      [
        7,
        9,
        12
      ]
    ],
    "1460411196": [
      8,
      [
        4
      ]
    ],
    "1462736120": [
      10,
      [
        10
      ]
    ],
    "1476586263": [
      11,
      [
        11,
        6,
        5
      ]
    ],
    "1478509013": [
      3,
      [
        1,
        2
      ]
    ],
    "1479799315": [
      7,
      [
        1
      ]
    ],
    "1484627417": [
      1,
      []
    ],
    "1486477922": [
      4,
      [
        1,
        2
      ]
    ],
    "1489356670": [
      10,
      [
        6,
        7,
        10
      ]
    ],
    "1490532621": [
      2,
      [
        0
      ]
    ],
    "1491800128": [
      9,
      [
        7
      ]
    ],
    "1494662868": [
      12,
      [
        9,
        12
      ]
    ],
    "1502151155": [
      11,
      [
        8,
        6,
        11
      ]
    ],
    "1510812872": [
      12,
      [
        12,
        6,
        9
      ]
    ],
    "1512861747": [
      10,
      [
        10,
        9
      ]
    ],
    "1512936705": [
      12,
      [
        7,
        12,
        9
      ]
    ],
    "1515793383": [
      4,
      [
        1,
        2
      ]
    ],
    "1516931836": [
      2,
      [
        0
      ]
    ],
    "1517757631": [
      1,
      []
    ],
    "1528663544": [
      11,
      [
        8,
        11
      ]
    ],
    "1534583234": [
      10,
      [
        10,
        7
      ]
    ],
    "1540893067": [
      9,
      [
        6,
        9
      ]
    ],
    "1551858801": [
      9,
      [
        9
      ]
    ],
    "1556762155": [
      12,
      [
        9,
        6,
        12
      ]
    ],
    "1562856720": [
      10,
      [
        6,
        10,
        9
      ]
    ],
    "1562905691": [
      1,
      []
    ],
    "1564171659": [
      10,
      [
        6,
        10
      ]
    ],
    "1564354786": [
      11,
      [
        11,
        8,
        6
      ]
    ],
    "1564853748": [
      12,
      [
        12,
        6,
        8
      ]
    ],
    "1565030869": [
      11,
      [
        9,
        11
      ]
    ],
    "1570989229": [
      12,
      [
        12,
        7,
        6
      ]
    ],
    "1571591026": [
      10,
      [
        6,
        8,
        10
      ]
    ],
    "1574413326": [
      11,
      [
        7,
        11,
        6
      ]
    ],
    "1578986901": [
      9,
      [
        7
      ]
    ],
    "1591868667": [
      1,
      []
    ],
    "1595763025": [
      12,
      [
        6,
        9,
        12
      ]
    ],
    "1598260606": [
      9,
      [
        7
      ]
    ],
    "1601237372": [
      10,
      [
        10,
        9
      ]
    ],
    "1605285951": [
      7,
      [
        1
      ]
    ],
    "1608830983": [
      11,
      [
        9,
        11
      ]
    ],
    "1618062826": [
      10,
      [
        5,
        6,
        10
      ]
    ],
    "1621947126": [
      12,
      [
        9,
        6,
        12
      ]
    ],
    "1636432008": [
      0,
      []
    ],
    "1637455694": [
      11,
      [
        11,
        6,
        7
      ]
    ],
    "1646678165": [
      1,
      []
    ],
    "1648323644": [
      10,
      [
        7,
        10
      ]
    ],
    "1652152183": [
      9,
      [
        9,
        6
      ]
    ],
    "1658765044": [
      9,
      [
        6,
        7
      ]
    ],
    "1660980883": [
      7,
      [
        1
      ]
    ],
    "1661975823": [
      12,
      [
        12,
        8
      ]
    ],
    "1679006279": [
      11,
      [
        7,
        11
      ]
    ],
    "1685276192": [
      11,
      [
        11,
        7
      ]
    ],
    "1689033305": [
      12,
      [
        9,
        6,
        12
      ]
    ],
    "1690202573": [
      9,
      []
    ],
    "1702527735": [
      11,
      [
        9,
        6,
        11
      ]
    ],
    "1704917236": [
      12,
      [
        8,
        6,
        12
      ]
    ],
    "1705647433": [
      11,
      [
        6,
        11,
        8
      ]
    ],
    "1713922547": [
      11,
      [
        6,
        11,
        7
      ]
    ],
    "1714046071": [
      8,
      [
        4
      ]
    ],
    "1715416572": [
      11,
      [
        9,
        11
      ]
    ],
    "1722319164": [
      0,
      []
    ],
    "1723418521": [
      9,
      [
        6,
        9
      ]
    ],
    "1728481721": [
      11,
      [
        5,
        11
      ]
    ],
    "1731757743": [
      7,
      [
        1
      ]
    ],
    "1733345144": [
      12,
      [
        6,
        12,
        5
      ]
    ],
    "1735868438": [
      9,
      [
        7
      ]
    ],
    "1738709367": [
      0,
      []
    ],
    "1740941922": [
      9,
      [
        6,
        8
      ]
    ],
    "1742969949": [
      10,
      [
        6,
        10,
        8
      ]
    ],
    "1743438100": [
      9,
      [
        7
      ]
    ],
    "1744124634": [
      10,
      [
        10,
        9
      ]
    ],
    "1746515779": [
      11,
      [
        6,
        5,
        11
      ]
    ],
    "1751865573": [
      12,
      [
        12,
        9,
        6
      ]
    ],
    "1755727841": [
      10,
      [
        10,
        5
      ]
    ],
    "1756993741": [
      10,
      [
        6,
        9,
        10
      ]
    ],
    "1757036014": [
      10,
      [
        6,
        10,
        7
      ]
    ],
    "1764077104": [
      9,
      [
        6,
        8
      ]
    ],
    "1764198805": [
      9,
      [
        7,
        6
      ]
    ],
    "1767738497": [
      10,
      [
        7,
        10
      ]
    ],
    "1772083602": [
      12,
      [
        7,
        6,
        12
      ]
    ],
    "1772422503": [
      11,
      [
        6,
        5,
        11
      ]
    ],
    "1776873264": [
      12,
      [
        6,
        12,
        8
      ]
    ],
    "1776943230": [
      10,
      [
        10
      ]
    ],
    "1779695559": [
      11,
      [
        11,
        8,
        6
      ]
    ],
    "1782422157": [
      11,
      [
        11,
        8
      ]
    ],
    "1786091714": [
      9,
      [
        6,
        8
      ]
    ],
    "1786764471": [
      9,
      [
        9,
        6
      ]
    ],
    "1787487496": [
      10,
      [
        9,
        10,
        6
      ]
    ],
    "1793085147": [
      11,
      [
        11,
        6,
        8
      ]
    ],
    "1797074680": [
      9,
      [
        5
      ]
    ],
    "1801826016": [
      9,
      [
        6,
        7
      ]
    ],
    "1805047566": [
      9,
      [
        9
      ]
    ],
    "1807173145": [
      10,
      [
        8,
        10
      ]
    ],
    "1807858633": [
      12,
      [
        6,
        7,
        12
      ]
    ],
    "1810090876": [
      10,
      [
        6,
        5,
        10
      ]
    ],
    "1812213442": [
      4,
      [
        1,
        2
      ]
    ],
    "1812807284": [
      11,
      [
        9,
        7,
        11
      ]
    ],
    "1814212280": [
      10,
      [
        6,
        7,
        10
      ]
    ],
    "1815093521": [
      11,
      [
        6,
        8,
        11
      ]
    ],
    "1815503966": [
      12,
      [
        7,
        9,
        12
      ]
    ],
    "1818785581": [
      10,
      [
        8,
        10
      ]
    ],
    "1818906287": [
      11,
      [
        9,
        11
      ]
    ],
    "1822730825": [
      13,
      [
        13
      ]
    ],
    "1823359893": [
      11,
      [
        11,
        6,
        5
      ]
    ],
    "1827910707": [
      12,
      [
        8,
        6,
        12
      ]
    ],
    "1828427515": [
      13,
      [
        13
      ]
    ],
    "1846828021": [
      11,
      [
        11,
        6,
        8
      ]
    ],
    "1847751926": [
      10,
      [
        6,
        9,
        10
      ]
    ],
    "1849991819": [
      9,
      [
        5
      ]
    ],
    "1859313591": [
      11,
      [
        6,
        8,
        11
      ]
    ],
    "1863374432": [
      11,
      [
        6,
        9,
        11
      ]
    ],
    "1867867954": [
      11,
      [
        5,
        11
      ]
    ],
    "1868202638": [
      13,
      [
        13
      ]
    ],
    "1871360949": [
      12,
      [
        6,
        8,
        12
      ]
    ],
    "1871704778": [
      10,
      [
        7,
        6,
        10
      ]
    ],
    "1876166284": [
      10,
      [
        6,
        10,
        9
      ]
    ],
    "1881667194": [
      9,
      [
        6,
        9
      ]
    ],
    "1897465832": [
      13,
      [
        13
      ]
    ],
    "1898201922": [
      12,
      [
        5,
        6,
        12
      ]
    ],
    "1916858213": [
      9,
      [
        6,
        5
      ]
    ],
    "1920096748": [
      3,
      [
        1,
        2
      ]
    ],
    "1922559815": [
      10,
      [
        6,
        7,
        10
      ]
    ],
    "1922994657": [
      12,
      [
        8,
        6,
        12
      ]
    ],
    "1925619048": [
      10,
      [
        6,
        5,
        10
      ]
    ],
    "1926196739": [
      12,
      [
        12,
        6,
        8
      ]
    ],
    "1926206141": [
      10,
      [
        6,
        9,
        10
      ]
    ],
    "1928614206": [
      10,
      [
        6,
        10
      ]
    ],
    "1937794735": [
      10,
      [
        5,
        6,
        10
      ]
    ],
    "1938671099": [
      12,
      [
        12,
        9
      ]
    ],
    "1939637748": [
      11,
      [
        6,
        8,
        11
      ]
    ],
    "1940048182": [
      10,
      [
        8,
        10
      ]
    ],
    "1947315409": [
      7,
      [
        3,
        1
      ]
    ],
    "1953069979": [
      10,
      [
        10,
        9
      ]
    ],
    "1959730585": [
      9,
      [
        5
      ]
    ],
    "1965527344": [
      7,
      [
        1
      ]
    ],
    "1967479972": [
      7,
      [
        1
      ]
    ],
    "1970827736": [
      10,
      [
        9,
        10
      ]
    ],
    "1971919602": [
      10,
      [
        10,
        6,
        9
      ]
    ],
    "1975719692": [
      12,
      [
        8,
        6,
        12
      ]
    ],
    "1978861135": [
      11,
      [
        7,
        9,
        11
      ]
    ],
    "1984000783": [
      12,
      [
        12,
        6,
        12,
        7
      ]
    ],
    "1984375288": [
      10,
      [
        10
      ]
    ],
    "1998283637": [
      10,
      [
        9,
        6,
        10
      ]
    ],
    "2001156023": [
      1,
      []
    ],
    "2001208587": [
      11,
      [
        9,
        6,
        11
      ]
    ],
    "2001786803": [
      9,
      [
        7
      ]
    ],
    "2011735238": [
      13,
      [
        13
      ]
    ],
    "2020813552": [
      12,
      [
        7,
        6,
        12
      ]
    ],
    "2022468003": [
      7,
      [
        1
      ]
    ],
    "2022606885": [
      12,
      [
        9,
        12
      ]
    ],
    "2037034274": [
      12,
      [
        6,
        12,
        9,
        7
      ]
    ],
    "2038121296": [
      10,
      [
        6,
        7,
        10
      ]
    ],
    "2041448711": [
      11,
      [
        6,
        7,
        11
      ]
    ],
    "2042485350": [
      12,
      [
        12,
        9
      ]
    ],
    "2046541294": [
      11,
      [
        11,
        7
      ]
    ],
    "2047185974": [
      12,
      [
        12,
        6,
        9
      ]
    ],
    "2050094616": [
      9,
      [
        6,
        7
      ]
    ],
    "2051530640": [
      10,
      [
        5,
        10
      ]
    ],
    "2057667420": [
      1,
      []
    ],
    "2059974334": [
      13,
      [
        13
      ]
    ],
    "2060545736": [
      10,
      [
        5,
        6,
        10
      ]
    ],
    "2060931962": [
      9,
      [
        6,
        9
      ]
    ],
    "2061894931": [
      12,
      [
        6,
        5,
        12
      ]
    ],
    "2061924810": [
      6,
      [
        1,
        2
      ]
    ],
    "2064668054": [
      12,
      [
        12,
        7,
        6
      ]
    ],
    "2065068269": [
      12,
      [
        12,
        9
      ]
    ],
    "2075971564": [
      1,
      []
    ],
    "2084774298": [
      9,
      [
        9
      ]
    ],
    "2086194421": [
      0,
      []
    ],
    "2087653612": [
      9,
      [
        6,
        7
      ]
    ],
    "2089550768": [
      12,
      [
        6,
        12,
        5
      ]
    ],
    "2093097929": [
      9,
      [
        6,
        8
      ]
    ],
    "2094219467": [
      11,
      [
        5,
        6,
        11
      ]
    ],
    "2096222694": [
      11,
      [
        8,
        11
      ]
    ],
    "2098365963": [
      2,
      [
        0
      ]
    ],
    "2099788514": [
      11,
      [
        11,
        9
      ]
    ],
    "2100630735": [
      10,
      [
        6,
        5,
        10
      ]
    ],
    "2115517781": [
      12,
      [
        6,
        9,
        12
      ]
    ],
    "2120108559": [
      11,
      [
        6,
        8,
        11
      ]
    ],
    "2124498552": [
      12,
      [
        6,
        12,
        7
      ]
    ],
    "2125564186": [
      10,
      [
        9,
        10
      ]
    ],
    "2125970122": [
      12,
      [
        12,
        9
      ]
    ],
    "2128800655": [
      11,
      [
        6,
        11,
        5
      ]
    ],
    "2129011538": [
      11,
      [
        6,
        7,
        11
      ]
    ],
    "2129048649": [
      9,
      [
        9
      ]
    ],
    "2134468173": [
      3,
      [
        1,
        2
      ]
    ],
    "2141940337": [
      11,
      [
        5,
        11
      ]
    ],
    "2143323664": [
      1,
      []
    ],
    "2144138350": [
      12,
      [
        9,
        6,
        12
      ]
    ],
    "2145971523": [
      11,
      [
        6,
        7,
        11
      ]
    ]
  },
  "slots_names": [
    "datetype",
    "firstTerm",
    "secondTerm",
    "exponent",
    "item_random",
    "forecast_region",
    "forecast_start_date_time",
    "forecast_geographical_poi",
    "forecast_country",
    "forecast_locality",
    "forecast_condition_name",
    "forecast_item",
    "forecast_temperature_name",
    "date"
  ],
  "stop_words_whitelist": {}
}